<?xml version="1.0" encoding="utf-8"?>
<ArrayOfDVBTTuning xmlns:xsi="http://www.w3.org/2001/XMLSchema-instance" xmlns:xsd="http://www.w3.org/2001/XMLSchema">
  <DVBTTuning>
    <Frequency>732500</Frequency>
    <BandWidth>7</BandWidth>
    <CollectionType>EIT</CollectionType>
  </DVBTTuning>
  <DVBTTuning>
    <Frequency>746500</Frequency>
    <BandWidth>7</BandWidth>
    <CollectionType>EIT</CollectionType>
  </DVBTTuning>
  <DVBTTuning>
    <Frequency>767500</Frequency>
    <BandWidth>7</BandWidth>
    <CollectionType>EIT</CollectionType>
  </DVBTTuning>
  <DVBTTuning>
    <Frequency>788500</Frequency>
    <BandWidth>7</BandWidth>
    <CollectionType>EIT</CollectionType>
  </DVBTTuning>
  <DVBTTuning>
    <Frequency>809500</Frequency>
    <BandWidth>7</BandWidth>
    <CollectionType>EIT</CollectionType>
  </DVBTTuning>
</ArrayOfDVBTTuning>