﻿<?xml version="1.0" encoding="utf-8"?>
<Frequencies>
  <CountryCode>AUS</CountryCode>
  <DVBTTuning>
    <Frequency>536625</Frequency>
    <BandWidth>7</BandWidth>
    <CollectionType>EIT</CollectionType>
  </DVBTTuning>
  <DVBTTuning>
    <Frequency>543625</Frequency>
    <BandWidth>7</BandWidth>
    <CollectionType>EIT</CollectionType>
  </DVBTTuning>
  <DVBTTuning>
    <Frequency>550625</Frequency>
    <BandWidth>7</BandWidth>
    <CollectionType>EIT</CollectionType>
  </DVBTTuning>
  <DVBTTuning>
    <Frequency>557625</Frequency>
    <BandWidth>7</BandWidth>
    <CollectionType>EIT</CollectionType>
  </DVBTTuning>
  <DVBTTuning>
    <Frequency>564625</Frequency>
    <BandWidth>7</BandWidth>
    <CollectionType>EIT</CollectionType>
  </DVBTTuning>
  <DVBTTuning>
    <Frequency>578500</Frequency>
    <BandWidth>7</BandWidth>
    <CollectionType>EIT</CollectionType>
  </DVBTTuning>
</Frequencies>