﻿<?xml version="1.0" encoding="utf-8"?>
<Frequencies>
  <CountryCode>AUS</CountryCode>
  <DVBTTuning>
    <Frequency>177500</Frequency>
    <BandWidth>7</BandWidth>
    <CollectionType>EIT</CollectionType>
  </DVBTTuning>
  <DVBTTuning>
    <Frequency>191625</Frequency>
    <BandWidth>7</BandWidth>
    <CollectionType>EIT</CollectionType>
  </DVBTTuning>
  <DVBTTuning>
    <Frequency>543500</Frequency>
    <BandWidth>7</BandWidth>
    <CollectionType>EIT</CollectionType>
  </DVBTTuning>
  <DVBTTuning>
    <Frequency>599500</Frequency>
    <BandWidth>7</BandWidth>
    <CollectionType>EIT</CollectionType>
  </DVBTTuning>
  <DVBTTuning>
    <Frequency>613500</Frequency>
    <BandWidth>7</BandWidth>
    <CollectionType>EIT</CollectionType>
  </DVBTTuning>
</Frequencies>