﻿<?xml version="1.0" encoding="utf-8"?>
<Frequencies>
  <CountryCode>AUS</CountryCode>
  <DVBTTuning>
    <Frequency>184500</Frequency>
    <BandWidth>7</BandWidth>
    <CollectionType>EIT</CollectionType>
  </DVBTTuning>
  <DVBTTuning>
    <Frequency>613500</Frequency>
    <BandWidth>7</BandWidth>
    <CollectionType>EIT</CollectionType>
  </DVBTTuning>
  <DVBTTuning>
    <Frequency>627500</Frequency>
    <BandWidth>7</BandWidth>
    <CollectionType>EIT</CollectionType>
  </DVBTTuning>
  <DVBTTuning>
    <Frequency>641500</Frequency>
    <BandWidth>7</BandWidth>
    <CollectionType>EIT</CollectionType>
  </DVBTTuning>
  <DVBTTuning>
    <Frequency>655500</Frequency>
    <BandWidth>7</BandWidth>
    <CollectionType>EIT</CollectionType>
  </DVBTTuning>
</Frequencies>