<?xml version="1.0" encoding="utf-8"?>
<ArrayOfChannel xmlns:xsi="http://www.w3.org/2001/XMLSchema-instance" xmlns:xsd="http://www.w3.org/2001/XMLSchema">
  <Channel>
    	<ChannelNumber>2</ChannelNumber>
	<CarrierFrequency>57000</CarrierFrequency>
    	<SymbolRate>30000</SymbolRate>
    	<Modulation>QAM160</Modulation>
    	<InnerFecRate>Rate3_4</InnerFecRate>
    	<CollectionType>PSIP</CollectionType>
  </Channel>
  <Channel>
    	<ChannelNumber>3</ChannelNumber>
	<CarrierFrequency>63000</CarrierFrequency>
    	<SymbolRate>30000</SymbolRate>
    	<Modulation>QAM160</Modulation>
    	<InnerFecRate>Rate3_4</InnerFecRate>
    	<CollectionType>PSIP</CollectionType>
  </Channel>
  <Channel>
    	<ChannelNumber>4</ChannelNumber>
	<CarrierFrequency>69000</CarrierFrequency>
    	<SymbolRate>30000</SymbolRate>
    	<Modulation>QAM160</Modulation>
    	<InnerFecRate>Rate3_4</InnerFecRate>
    	<CollectionType>PSIP</CollectionType>
  </Channel>
  <Channel>
    	<ChannelNumber>5</ChannelNumber>
	<CarrierFrequency>79000</CarrierFrequency>
    	<SymbolRate>30000</SymbolRate>
    	<Modulation>QAM160</Modulation>
    	<InnerFecRate>Rate3_4</InnerFecRate>
    	<CollectionType>PSIP</CollectionType>
  </Channel>
  <Channel>
    	<ChannelNumber>6</ChannelNumber>
	<CarrierFrequency>85000</CarrierFrequency>
    	<SymbolRate>30000</SymbolRate>
    	<Modulation>QAM160</Modulation>
    	<InnerFecRate>Rate3_4</InnerFecRate>
    	<CollectionType>PSIP</CollectionType>
  </Channel>
  <Channel>
    	<ChannelNumber>7</ChannelNumber>
	<CarrierFrequency>177000</CarrierFrequency>
    	<SymbolRate>30000</SymbolRate>
    	<Modulation>QAM160</Modulation>
    	<InnerFecRate>Rate3_4</InnerFecRate>
    	<CollectionType>PSIP</CollectionType>
  </Channel>
  <Channel>
    	<ChannelNumber>8</ChannelNumber>
	<CarrierFrequency>183000</CarrierFrequency>
    	<SymbolRate>30000</SymbolRate>
    	<Modulation>QAM160</Modulation>
    	<InnerFecRate>Rate3_4</InnerFecRate>
    	<CollectionType>PSIP</CollectionType>
  </Channel>
  <Channel>
    	<ChannelNumber>9</ChannelNumber>
	<CarrierFrequency>189000</CarrierFrequency>
    	<SymbolRate>30000</SymbolRate>
    	<Modulation>QAM160</Modulation>
    	<InnerFecRate>Rate3_4</InnerFecRate>
    	<CollectionType>PSIP</CollectionType>
  </Channel>
  <Channel>
    	<ChannelNumber>10</ChannelNumber>
	<CarrierFrequency>195000</CarrierFrequency>
    	<SymbolRate>30000</SymbolRate>
    	<Modulation>QAM160</Modulation>
    	<InnerFecRate>Rate3_4</InnerFecRate>
    	<CollectionType>PSIP</CollectionType>
  </Channel>
  <Channel>
    	<ChannelNumber>11</ChannelNumber>
	<CarrierFrequency>201000</CarrierFrequency>
    	<SymbolRate>30000</SymbolRate>
    	<Modulation>QAM160</Modulation>
    	<InnerFecRate>Rate3_4</InnerFecRate>
    	<CollectionType>PSIP</CollectionType>
  </Channel>
  <Channel>
    	<ChannelNumber>12</ChannelNumber>
	<CarrierFrequency>207000</CarrierFrequency>
    	<SymbolRate>30000</SymbolRate>
    	<Modulation>QAM160</Modulation>
    	<InnerFecRate>Rate3_4</InnerFecRate>
    	<CollectionType>PSIP</CollectionType>
  </Channel>
  <Channel>
    	<ChannelNumber>13</ChannelNumber>
	<CarrierFrequency>213000</CarrierFrequency>
    	<SymbolRate>30000</SymbolRate>
    	<Modulation>QAM160</Modulation>
    	<InnerFecRate>Rate3_4</InnerFecRate>
    	<CollectionType>PSIP</CollectionType>
  </Channel>
  <Channel>
    	<ChannelNumber>14</ChannelNumber>
	<CarrierFrequency>123000</CarrierFrequency>
    	<SymbolRate>30000</SymbolRate>
    	<Modulation>QAM160</Modulation>
    	<InnerFecRate>Rate3_4</InnerFecRate>
    	<CollectionType>PSIP</CollectionType>
  </Channel>
  <Channel>
    	<ChannelNumber>15</ChannelNumber>
	<CarrierFrequency>129000</CarrierFrequency>
    	<SymbolRate>30000</SymbolRate>
    	<Modulation>QAM160</Modulation>
    	<InnerFecRate>Rate3_4</InnerFecRate>
    	<CollectionType>PSIP</CollectionType>
  </Channel>
  <Channel>
    	<ChannelNumber>16</ChannelNumber>
	<CarrierFrequency>135000</CarrierFrequency>
    	<SymbolRate>30000</SymbolRate>
    	<Modulation>QAM160</Modulation>
    	<InnerFecRate>Rate3_4</InnerFecRate>
    	<CollectionType>PSIP</CollectionType>
  </Channel>
  <Channel>
    	<ChannelNumber>17</ChannelNumber>
	<CarrierFrequency>141000</CarrierFrequency>
    	<SymbolRate>30000</SymbolRate>
    	<Modulation>QAM160</Modulation>
    	<InnerFecRate>Rate3_4</InnerFecRate>
    	<CollectionType>PSIP</CollectionType>
  </Channel>
  <Channel>
    	<ChannelNumber>18</ChannelNumber>
	<CarrierFrequency>147000</CarrierFrequency>
    	<SymbolRate>30000</SymbolRate>
    	<Modulation>QAM160</Modulation>
    	<InnerFecRate>Rate3_4</InnerFecRate>
    	<CollectionType>PSIP</CollectionType>
  </Channel>
  <Channel>
    	<ChannelNumber>19</ChannelNumber>
	<CarrierFrequency>153000</CarrierFrequency>
    	<SymbolRate>30000</SymbolRate>
    	<Modulation>QAM160</Modulation>
    	<InnerFecRate>Rate3_4</InnerFecRate>
    	<CollectionType>PSIP</CollectionType>
  </Channel>
  <Channel>
    	<ChannelNumber>20</ChannelNumber>
	<CarrierFrequency>159000</CarrierFrequency>
    	<SymbolRate>30000</SymbolRate>
    	<Modulation>QAM160</Modulation>
    	<InnerFecRate>Rate3_4</InnerFecRate>
    	<CollectionType>PSIP</CollectionType>
  </Channel>
  <Channel>
    	<ChannelNumber>21</ChannelNumber>
	<CarrierFrequency>165000</CarrierFrequency>
    	<SymbolRate>30000</SymbolRate>
    	<Modulation>QAM160</Modulation>
    	<InnerFecRate>Rate3_4</InnerFecRate>
    	<CollectionType>PSIP</CollectionType>
  </Channel>
  <Channel>
    	<ChannelNumber>22</ChannelNumber>
	<CarrierFrequency>171000</CarrierFrequency>
    	<SymbolRate>30000</SymbolRate>
    	<Modulation>QAM160</Modulation>
    	<InnerFecRate>Rate3_4</InnerFecRate>
    	<CollectionType>PSIP</CollectionType>
  </Channel>
  <Channel>
    	<ChannelNumber>23</ChannelNumber>
	<CarrierFrequency>219000</CarrierFrequency>
    	<SymbolRate>30000</SymbolRate>
    	<Modulation>QAM160</Modulation>
    	<InnerFecRate>Rate3_4</InnerFecRate>
    	<CollectionType>PSIP</CollectionType>
  </Channel>
  <Channel>
    	<ChannelNumber>24</ChannelNumber>
	<CarrierFrequency>225000</CarrierFrequency>
    	<SymbolRate>30000</SymbolRate>
    	<Modulation>QAM160</Modulation>
    	<InnerFecRate>Rate3_4</InnerFecRate>
    	<CollectionType>PSIP</CollectionType>
  </Channel>
  <Channel>
    	<ChannelNumber>25</ChannelNumber>
	<CarrierFrequency>231000</CarrierFrequency>
    	<SymbolRate>30000</SymbolRate>
    	<Modulation>QAM160</Modulation>
    	<InnerFecRate>Rate3_4</InnerFecRate>
    	<CollectionType>PSIP</CollectionType>
  </Channel>
  <Channel>
    	<ChannelNumber>26</ChannelNumber>
	<CarrierFrequency>237000</CarrierFrequency>
    	<SymbolRate>30000</SymbolRate>
    	<Modulation>QAM160</Modulation>
    	<InnerFecRate>Rate3_4</InnerFecRate>
    	<CollectionType>PSIP</CollectionType>
  </Channel>
  <Channel>
    	<ChannelNumber>27</ChannelNumber>
	<CarrierFrequency>243000</CarrierFrequency>
    	<SymbolRate>30000</SymbolRate>
    	<Modulation>QAM160</Modulation>
    	<InnerFecRate>Rate3_4</InnerFecRate>
    	<CollectionType>PSIP</CollectionType>
  </Channel>
  <Channel>
    	<ChannelNumber>28</ChannelNumber>
	<CarrierFrequency>249000</CarrierFrequency>
    	<SymbolRate>30000</SymbolRate>
    	<Modulation>QAM160</Modulation>
    	<InnerFecRate>Rate3_4</InnerFecRate>
    	<CollectionType>PSIP</CollectionType>
  </Channel>
  <Channel>
    	<ChannelNumber>29</ChannelNumber>
	<CarrierFrequency>255000</CarrierFrequency>
    	<SymbolRate>30000</SymbolRate>
    	<Modulation>QAM160</Modulation>
    	<InnerFecRate>Rate3_4</InnerFecRate>
    	<CollectionType>PSIP</CollectionType>
  </Channel>
  <Channel>
    	<ChannelNumber>30</ChannelNumber>
	<CarrierFrequency>261000</CarrierFrequency>
    	<SymbolRate>30000</SymbolRate>
    	<Modulation>QAM160</Modulation>
    	<InnerFecRate>Rate3_4</InnerFecRate>
    	<CollectionType>PSIP</CollectionType>
  </Channel>
  <Channel>
    	<ChannelNumber>31</ChannelNumber>
	<CarrierFrequency>267000</CarrierFrequency>
    	<SymbolRate>30000</SymbolRate>
    	<Modulation>QAM160</Modulation>
    	<InnerFecRate>Rate3_4</InnerFecRate>
    	<CollectionType>PSIP</CollectionType>
  </Channel>
  <Channel>
    	<ChannelNumber>32</ChannelNumber>
	<CarrierFrequency>273000</CarrierFrequency>
    	<SymbolRate>30000</SymbolRate>
    	<Modulation>QAM160</Modulation>
    	<InnerFecRate>Rate3_4</InnerFecRate>
    	<CollectionType>PSIP</CollectionType>
  </Channel>
  <Channel>
    	<ChannelNumber>33</ChannelNumber>
	<CarrierFrequency>279000</CarrierFrequency>
    	<SymbolRate>30000</SymbolRate>
    	<Modulation>QAM160</Modulation>
    	<InnerFecRate>Rate3_4</InnerFecRate>
    	<CollectionType>PSIP</CollectionType>
  </Channel>
  <Channel>
    	<ChannelNumber>34</ChannelNumber>
	<CarrierFrequency>285000</CarrierFrequency>
    	<SymbolRate>30000</SymbolRate>
    	<Modulation>QAM160</Modulation>
    	<InnerFecRate>Rate3_4</InnerFecRate>
    	<CollectionType>PSIP</CollectionType>
  </Channel>
  <Channel>
    	<ChannelNumber>35</ChannelNumber>
	<CarrierFrequency>291000</CarrierFrequency>
    	<SymbolRate>30000</SymbolRate>
    	<Modulation>QAM160</Modulation>
    	<InnerFecRate>Rate3_4</InnerFecRate>
    	<CollectionType>PSIP</CollectionType>
  </Channel>
  <Channel>
    	<ChannelNumber>36</ChannelNumber>
	<CarrierFrequency>297000</CarrierFrequency>
    	<SymbolRate>30000</SymbolRate>
    	<Modulation>QAM160</Modulation>
    	<InnerFecRate>Rate3_4</InnerFecRate>
    	<CollectionType>PSIP</CollectionType>
  </Channel>
  <Channel>
    	<ChannelNumber>37</ChannelNumber>
	<CarrierFrequency>303000</CarrierFrequency>
    	<SymbolRate>30000</SymbolRate>
    	<Modulation>QAM160</Modulation>
    	<InnerFecRate>Rate3_4</InnerFecRate>
    	<CollectionType>PSIP</CollectionType>
  </Channel>
  <Channel>
    	<ChannelNumber>38</ChannelNumber>
	<CarrierFrequency>309000</CarrierFrequency>
    	<SymbolRate>30000</SymbolRate>
    	<Modulation>QAM160</Modulation>
    	<InnerFecRate>Rate3_4</InnerFecRate>
    	<CollectionType>PSIP</CollectionType>
  </Channel>
  <Channel>
    	<ChannelNumber>39</ChannelNumber>
	<CarrierFrequency>315000</CarrierFrequency>
    	<SymbolRate>30000</SymbolRate>
    	<Modulation>QAM160</Modulation>
    	<InnerFecRate>Rate3_4</InnerFecRate>
    	<CollectionType>PSIP</CollectionType>
  </Channel>
  <Channel>
    	<ChannelNumber>40</ChannelNumber>
	<CarrierFrequency>321000</CarrierFrequency>
    	<SymbolRate>30000</SymbolRate>
    	<Modulation>QAM160</Modulation>
    	<InnerFecRate>Rate3_4</InnerFecRate>
    	<CollectionType>PSIP</CollectionType>
  </Channel>
  <Channel>
    	<ChannelNumber>41</ChannelNumber>
	<CarrierFrequency>327000</CarrierFrequency>
    	<SymbolRate>30000</SymbolRate>
    	<Modulation>QAM160</Modulation>
    	<InnerFecRate>Rate3_4</InnerFecRate>
    	<CollectionType>PSIP</CollectionType>
  </Channel>
  <Channel>
    	<ChannelNumber>42</ChannelNumber>
	<CarrierFrequency>333000</CarrierFrequency>
    	<SymbolRate>30000</SymbolRate>
    	<Modulation>QAM160</Modulation>
    	<InnerFecRate>Rate3_4</InnerFecRate>
    	<CollectionType>PSIP</CollectionType>
  </Channel>
  <Channel>
    	<ChannelNumber>43</ChannelNumber>
	<CarrierFrequency>339000</CarrierFrequency>
    	<SymbolRate>30000</SymbolRate>
    	<Modulation>QAM160</Modulation>
    	<InnerFecRate>Rate3_4</InnerFecRate>
    	<CollectionType>PSIP</CollectionType>
  </Channel>
  <Channel>
    	<ChannelNumber>44</ChannelNumber>
	<CarrierFrequency>345000</CarrierFrequency>
    	<SymbolRate>30000</SymbolRate>
    	<Modulation>QAM160</Modulation>
    	<InnerFecRate>Rate3_4</InnerFecRate>
    	<CollectionType>PSIP</CollectionType>
  </Channel>
  <Channel>
    	<ChannelNumber>45</ChannelNumber>
	<CarrierFrequency>351000</CarrierFrequency>
    	<SymbolRate>30000</SymbolRate>
    	<Modulation>QAM160</Modulation>
    	<InnerFecRate>Rate3_4</InnerFecRate>
    	<CollectionType>PSIP</CollectionType>
  </Channel>
  <Channel>
    	<ChannelNumber>46</ChannelNumber>
	<CarrierFrequency>357000</CarrierFrequency>
    	<SymbolRate>30000</SymbolRate>
    	<Modulation>QAM160</Modulation>
    	<InnerFecRate>Rate3_4</InnerFecRate>
    	<CollectionType>PSIP</CollectionType>
  </Channel>
  <Channel>
    	<ChannelNumber>47</ChannelNumber>
	<CarrierFrequency>363000</CarrierFrequency>
    	<SymbolRate>30000</SymbolRate>
    	<Modulation>QAM160</Modulation>
    	<InnerFecRate>Rate3_4</InnerFecRate>
    	<CollectionType>PSIP</CollectionType>
  </Channel>
  <Channel>
    	<ChannelNumber>48</ChannelNumber>
	<CarrierFrequency>369000</CarrierFrequency>
    	<SymbolRate>30000</SymbolRate>
    	<Modulation>QAM160</Modulation>
    	<InnerFecRate>Rate3_4</InnerFecRate>
    	<CollectionType>PSIP</CollectionType>
  </Channel>
  <Channel>
    	<ChannelNumber>49</ChannelNumber>
	<CarrierFrequency>375000</CarrierFrequency>
    	<SymbolRate>30000</SymbolRate>
    	<Modulation>QAM160</Modulation>
    	<InnerFecRate>Rate3_4</InnerFecRate>
    	<CollectionType>PSIP</CollectionType>
  </Channel>
  <Channel>
    	<ChannelNumber>50</ChannelNumber>
	<CarrierFrequency>381000</CarrierFrequency>
    	<SymbolRate>30000</SymbolRate>
    	<Modulation>QAM160</Modulation>
    	<InnerFecRate>Rate3_4</InnerFecRate>
    	<CollectionType>PSIP</CollectionType>
  </Channel>
  <Channel>
    	<ChannelNumber>51</ChannelNumber>
	<CarrierFrequency>387000</CarrierFrequency>
    	<SymbolRate>30000</SymbolRate>
    	<Modulation>QAM160</Modulation>
    	<InnerFecRate>Rate3_4</InnerFecRate>
    	<CollectionType>PSIP</CollectionType>
  </Channel>
  <Channel>
    	<ChannelNumber>52</ChannelNumber>
	<CarrierFrequency>393000</CarrierFrequency>
    	<SymbolRate>30000</SymbolRate>
    	<Modulation>QAM160</Modulation>
    	<InnerFecRate>Rate3_4</InnerFecRate>
    	<CollectionType>PSIP</CollectionType>
  </Channel>
  <Channel>
    	<ChannelNumber>53</ChannelNumber>
	<CarrierFrequency>399000</CarrierFrequency>
    	<SymbolRate>30000</SymbolRate>
    	<Modulation>QAM160</Modulation>
    	<InnerFecRate>Rate3_4</InnerFecRate>
    	<CollectionType>PSIP</CollectionType>
  </Channel>
  <Channel>
    	<ChannelNumber>54</ChannelNumber>
	<CarrierFrequency>405000</CarrierFrequency>
    	<SymbolRate>30000</SymbolRate>
    	<Modulation>QAM160</Modulation>
    	<InnerFecRate>Rate3_4</InnerFecRate>
    	<CollectionType>PSIP</CollectionType>
  </Channel>
  <Channel>
    	<ChannelNumber>55</ChannelNumber>
	<CarrierFrequency>411000</CarrierFrequency>
    	<SymbolRate>30000</SymbolRate>
    	<Modulation>QAM160</Modulation>
    	<InnerFecRate>Rate3_4</InnerFecRate>
    	<CollectionType>PSIP</CollectionType>
  </Channel>
  <Channel>
    	<ChannelNumber>56</ChannelNumber>
	<CarrierFrequency>417000</CarrierFrequency>
    	<SymbolRate>30000</SymbolRate>
    	<Modulation>QAM160</Modulation>
    	<InnerFecRate>Rate3_4</InnerFecRate>
    	<CollectionType>PSIP</CollectionType>
  </Channel>
  <Channel>
    	<ChannelNumber>57</ChannelNumber>
	<CarrierFrequency>423000</CarrierFrequency>
    	<SymbolRate>30000</SymbolRate>
    	<Modulation>QAM160</Modulation>
    	<InnerFecRate>Rate3_4</InnerFecRate>
    	<CollectionType>PSIP</CollectionType>
  </Channel>
  <Channel>
    	<ChannelNumber>58</ChannelNumber>
	<CarrierFrequency>429000</CarrierFrequency>
    	<SymbolRate>30000</SymbolRate>
    	<Modulation>QAM160</Modulation>
    	<InnerFecRate>Rate3_4</InnerFecRate>
    	<CollectionType>PSIP</CollectionType>
  </Channel>
  <Channel>
    	<ChannelNumber>59</ChannelNumber>
	<CarrierFrequency>435000</CarrierFrequency>
    	<SymbolRate>30000</SymbolRate>
    	<Modulation>QAM160</Modulation>
    	<InnerFecRate>Rate3_4</InnerFecRate>
    	<CollectionType>PSIP</CollectionType>
  </Channel>
  <Channel>
    	<ChannelNumber>60</ChannelNumber>
	<CarrierFrequency>441000</CarrierFrequency>
    	<SymbolRate>30000</SymbolRate>
    	<Modulation>QAM160</Modulation>
    	<InnerFecRate>Rate3_4</InnerFecRate>
    	<CollectionType>PSIP</CollectionType>
  </Channel>
  <Channel>
    	<ChannelNumber>61</ChannelNumber>
	<CarrierFrequency>447000</CarrierFrequency>
    	<SymbolRate>30000</SymbolRate>
    	<Modulation>QAM160</Modulation>
    	<InnerFecRate>Rate3_4</InnerFecRate>
    	<CollectionType>PSIP</CollectionType>
  </Channel>
  <Channel>
    	<ChannelNumber>62</ChannelNumber>
	<CarrierFrequency>453000</CarrierFrequency>
    	<SymbolRate>30000</SymbolRate>
    	<Modulation>QAM160</Modulation>
    	<InnerFecRate>Rate3_4</InnerFecRate>
    	<CollectionType>PSIP</CollectionType>
  </Channel>
  <Channel>
    	<ChannelNumber>63</ChannelNumber>
	<CarrierFrequency>459000</CarrierFrequency>
    	<SymbolRate>30000</SymbolRate>
    	<Modulation>QAM160</Modulation>
    	<InnerFecRate>Rate3_4</InnerFecRate>
    	<CollectionType>PSIP</CollectionType>
  </Channel>
  <Channel>
    	<ChannelNumber>64</ChannelNumber>
	<CarrierFrequency>465000</CarrierFrequency>
    	<SymbolRate>30000</SymbolRate>
    	<Modulation>QAM160</Modulation>
    	<InnerFecRate>Rate3_4</InnerFecRate>
    	<CollectionType>PSIP</CollectionType>
  </Channel>
  <Channel>
    	<ChannelNumber>65</ChannelNumber>
	<CarrierFrequency>471000</CarrierFrequency>
    	<SymbolRate>30000</SymbolRate>
    	<Modulation>QAM160</Modulation>
    	<InnerFecRate>Rate3_4</InnerFecRate>
    	<CollectionType>PSIP</CollectionType>
  </Channel>
  <Channel>
    	<ChannelNumber>66</ChannelNumber>
	<CarrierFrequency>477000</CarrierFrequency>
    	<SymbolRate>30000</SymbolRate>
    	<Modulation>QAM160</Modulation>
    	<InnerFecRate>Rate3_4</InnerFecRate>
    	<CollectionType>PSIP</CollectionType>
  </Channel>
  <Channel>
    	<ChannelNumber>67</ChannelNumber>
	<CarrierFrequency>483000</CarrierFrequency>
    	<SymbolRate>30000</SymbolRate>
    	<Modulation>QAM160</Modulation>
    	<InnerFecRate>Rate3_4</InnerFecRate>
    	<CollectionType>PSIP</CollectionType>
  </Channel>
  <Channel>
    	<ChannelNumber>68</ChannelNumber>
	<CarrierFrequency>489000</CarrierFrequency>
    	<SymbolRate>30000</SymbolRate>
    	<Modulation>QAM160</Modulation>
    	<InnerFecRate>Rate3_4</InnerFecRate>
    	<CollectionType>PSIP</CollectionType>
  </Channel>
  <Channel>
    	<ChannelNumber>69</ChannelNumber>
	<CarrierFrequency>495000</CarrierFrequency>
    	<SymbolRate>30000</SymbolRate>
    	<Modulation>QAM160</Modulation>
    	<InnerFecRate>Rate3_4</InnerFecRate>
    	<CollectionType>PSIP</CollectionType>
  </Channel>
  <Channel>
    	<ChannelNumber>70</ChannelNumber>
	<CarrierFrequency>501000</CarrierFrequency>
    	<SymbolRate>30000</SymbolRate>
    	<Modulation>QAM160</Modulation>
    	<InnerFecRate>Rate3_4</InnerFecRate>
    	<CollectionType>PSIP</CollectionType>
  </Channel>
  <Channel>
    	<ChannelNumber>71</ChannelNumber>
	<CarrierFrequency>507000</CarrierFrequency>
    	<SymbolRate>30000</SymbolRate>
    	<Modulation>QAM160</Modulation>
    	<InnerFecRate>Rate3_4</InnerFecRate>
    	<CollectionType>PSIP</CollectionType>
  </Channel>
  <Channel>
    	<ChannelNumber>72</ChannelNumber>
	<CarrierFrequency>513000</CarrierFrequency>
    	<SymbolRate>30000</SymbolRate>
    	<Modulation>QAM160</Modulation>
    	<InnerFecRate>Rate3_4</InnerFecRate>
    	<CollectionType>PSIP</CollectionType>
  </Channel>
  <Channel>
    	<ChannelNumber>73</ChannelNumber>
	<CarrierFrequency>519000</CarrierFrequency>
    	<SymbolRate>30000</SymbolRate>
    	<Modulation>QAM160</Modulation>
    	<InnerFecRate>Rate3_4</InnerFecRate>
    	<CollectionType>PSIP</CollectionType>
  </Channel>
  <Channel>
    	<ChannelNumber>74</ChannelNumber>
	<CarrierFrequency>525000</CarrierFrequency>
    	<SymbolRate>30000</SymbolRate>
    	<Modulation>QAM160</Modulation>
    	<InnerFecRate>Rate3_4</InnerFecRate>
    	<CollectionType>PSIP</CollectionType>
  </Channel>
  <Channel>
    	<ChannelNumber>75</ChannelNumber>
	<CarrierFrequency>531000</CarrierFrequency>
    	<SymbolRate>30000</SymbolRate>
    	<Modulation>QAM160</Modulation>
    	<InnerFecRate>Rate3_4</InnerFecRate>
    	<CollectionType>PSIP</CollectionType>
  </Channel>
  <Channel>
    	<ChannelNumber>76</ChannelNumber>
	<CarrierFrequency>537000</CarrierFrequency>
    	<SymbolRate>30000</SymbolRate>
    	<Modulation>QAM160</Modulation>
    	<InnerFecRate>Rate3_4</InnerFecRate>
    	<CollectionType>PSIP</CollectionType>
  </Channel>
  <Channel>
    	<ChannelNumber>77</ChannelNumber>
	<CarrierFrequency>543000</CarrierFrequency>
    	<SymbolRate>30000</SymbolRate>
    	<Modulation>QAM160</Modulation>
    	<InnerFecRate>Rate3_4</InnerFecRate>
    	<CollectionType>PSIP</CollectionType>
  </Channel>
  <Channel>
    	<ChannelNumber>78</ChannelNumber>
	<CarrierFrequency>549000</CarrierFrequency>
    	<SymbolRate>30000</SymbolRate>
    	<Modulation>QAM160</Modulation>
    	<InnerFecRate>Rate3_4</InnerFecRate>
    	<CollectionType>PSIP</CollectionType>
  </Channel>
  <Channel>
    	<ChannelNumber>79</ChannelNumber>
	<CarrierFrequency>555000</CarrierFrequency>
    	<SymbolRate>30000</SymbolRate>
    	<Modulation>QAM160</Modulation>
    	<InnerFecRate>Rate3_4</InnerFecRate>
    	<CollectionType>PSIP</CollectionType>
  </Channel>
  <Channel>
    	<ChannelNumber>80</ChannelNumber>
	<CarrierFrequency>561000</CarrierFrequency>
    	<SymbolRate>30000</SymbolRate>
    	<Modulation>QAM160</Modulation>
    	<InnerFecRate>Rate3_4</InnerFecRate>
    	<CollectionType>PSIP</CollectionType>
  </Channel>
  <Channel>
    	<ChannelNumber>81</ChannelNumber>
	<CarrierFrequency>567000</CarrierFrequency>
    	<SymbolRate>30000</SymbolRate>
    	<Modulation>QAM160</Modulation>
    	<InnerFecRate>Rate3_4</InnerFecRate>
    	<CollectionType>PSIP</CollectionType>
  </Channel>
  <Channel>
    	<ChannelNumber>82</ChannelNumber>
	<CarrierFrequency>573000</CarrierFrequency>
    	<SymbolRate>30000</SymbolRate>
    	<Modulation>QAM160</Modulation>
    	<InnerFecRate>Rate3_4</InnerFecRate>
    	<CollectionType>PSIP</CollectionType>
  </Channel>
  <Channel>
    	<ChannelNumber>83</ChannelNumber>
	<CarrierFrequency>579000</CarrierFrequency>
    	<SymbolRate>30000</SymbolRate>
    	<Modulation>QAM160</Modulation>
    	<InnerFecRate>Rate3_4</InnerFecRate>
    	<CollectionType>PSIP</CollectionType>
  </Channel>
  <Channel>
    	<ChannelNumber>84</ChannelNumber>
	<CarrierFrequency>585000</CarrierFrequency>
    	<SymbolRate>30000</SymbolRate>
    	<Modulation>QAM160</Modulation>
    	<InnerFecRate>Rate3_4</InnerFecRate>
    	<CollectionType>PSIP</CollectionType>
  </Channel>
  <Channel>
    	<ChannelNumber>85</ChannelNumber>
	<CarrierFrequency>591000</CarrierFrequency>
    	<SymbolRate>30000</SymbolRate>
    	<Modulation>QAM160</Modulation>
    	<InnerFecRate>Rate3_4</InnerFecRate>
    	<CollectionType>PSIP</CollectionType>
  </Channel>
  <Channel>
    	<ChannelNumber>86</ChannelNumber>
	<CarrierFrequency>597000</CarrierFrequency>
    	<SymbolRate>30000</SymbolRate>
    	<Modulation>QAM160</Modulation>
    	<InnerFecRate>Rate3_4</InnerFecRate>
    	<CollectionType>PSIP</CollectionType>
  </Channel>
  <Channel>
    	<ChannelNumber>87</ChannelNumber>
	<CarrierFrequency>603000</CarrierFrequency>
    	<SymbolRate>30000</SymbolRate>
    	<Modulation>QAM160</Modulation>
    	<InnerFecRate>Rate3_4</InnerFecRate>
    	<CollectionType>PSIP</CollectionType>
  </Channel>
  <Channel>
    	<ChannelNumber>88</ChannelNumber>
	<CarrierFrequency>609000</CarrierFrequency>
    	<SymbolRate>30000</SymbolRate>
    	<Modulation>QAM160</Modulation>
    	<InnerFecRate>Rate3_4</InnerFecRate>
    	<CollectionType>PSIP</CollectionType>
  </Channel>
  <Channel>
    	<ChannelNumber>89</ChannelNumber>
	<CarrierFrequency>615000</CarrierFrequency>
    	<SymbolRate>30000</SymbolRate>
    	<Modulation>QAM160</Modulation>
    	<InnerFecRate>Rate3_4</InnerFecRate>
    	<CollectionType>PSIP</CollectionType>
  </Channel>
  <Channel>
    	<ChannelNumber>90</ChannelNumber>
	<CarrierFrequency>621000</CarrierFrequency>
    	<SymbolRate>30000</SymbolRate>
    	<Modulation>QAM160</Modulation>
    	<InnerFecRate>Rate3_4</InnerFecRate>
    	<CollectionType>PSIP</CollectionType>
  </Channel>
  <Channel>
    	<ChannelNumber>91</ChannelNumber>
	<CarrierFrequency>627000</CarrierFrequency>
    	<SymbolRate>30000</SymbolRate>
    	<Modulation>QAM160</Modulation>
    	<InnerFecRate>Rate3_4</InnerFecRate>
    	<CollectionType>PSIP</CollectionType>
  </Channel>
  <Channel>
    	<ChannelNumber>92</ChannelNumber>
	<CarrierFrequency>633000</CarrierFrequency>
    	<SymbolRate>30000</SymbolRate>
    	<Modulation>QAM160</Modulation>
    	<InnerFecRate>Rate3_4</InnerFecRate>
    	<CollectionType>PSIP</CollectionType>
  </Channel>
  <Channel>
    	<ChannelNumber>93</ChannelNumber>
	<CarrierFrequency>639000</CarrierFrequency>
    	<SymbolRate>30000</SymbolRate>
    	<Modulation>QAM160</Modulation>
    	<InnerFecRate>Rate3_4</InnerFecRate>
    	<CollectionType>PSIP</CollectionType>
  </Channel>
  <Channel>
    	<ChannelNumber>94</ChannelNumber>
	<CarrierFrequency>645000</CarrierFrequency>
    	<SymbolRate>30000</SymbolRate>
    	<Modulation>QAM160</Modulation>
    	<InnerFecRate>Rate3_4</InnerFecRate>
    	<CollectionType>PSIP</CollectionType>
  </Channel>
  <Channel>
    	<ChannelNumber>100</ChannelNumber>
	<CarrierFrequency>651000</CarrierFrequency>
    	<SymbolRate>30000</SymbolRate>
    	<Modulation>QAM160</Modulation>
    	<InnerFecRate>Rate3_4</InnerFecRate>
    	<CollectionType>PSIP</CollectionType>
  </Channel>
  <Channel>
    	<ChannelNumber>101</ChannelNumber>
	<CarrierFrequency>657000</CarrierFrequency>
    	<SymbolRate>30000</SymbolRate>
    	<Modulation>QAM160</Modulation>
    	<InnerFecRate>Rate3_4</InnerFecRate>
    	<CollectionType>PSIP</CollectionType>
  </Channel>
  <Channel>
    	<ChannelNumber>102</ChannelNumber>
	<CarrierFrequency>663000</CarrierFrequency>
    	<SymbolRate>30000</SymbolRate>
    	<Modulation>QAM160</Modulation>
    	<InnerFecRate>Rate3_4</InnerFecRate>
    	<CollectionType>PSIP</CollectionType>
  </Channel>
  <Channel>
    	<ChannelNumber>103</ChannelNumber>
	<CarrierFrequency>669000</CarrierFrequency>
    	<SymbolRate>30000</SymbolRate>
    	<Modulation>QAM160</Modulation>
    	<InnerFecRate>Rate3_4</InnerFecRate>
    	<CollectionType>PSIP</CollectionType>
  </Channel>
  <Channel>
    	<ChannelNumber>104</ChannelNumber>
	<CarrierFrequency>675000</CarrierFrequency>
    	<SymbolRate>30000</SymbolRate>
    	<Modulation>QAM160</Modulation>
    	<InnerFecRate>Rate3_4</InnerFecRate>
    	<CollectionType>PSIP</CollectionType>
  </Channel>
  <Channel>
    	<ChannelNumber>105</ChannelNumber>
	<CarrierFrequency>681000</CarrierFrequency>
    	<SymbolRate>30000</SymbolRate>
    	<Modulation>QAM160</Modulation>
    	<InnerFecRate>Rate3_4</InnerFecRate>
    	<CollectionType>PSIP</CollectionType>
  </Channel>
  <Channel>
    	<ChannelNumber>106</ChannelNumber>
	<CarrierFrequency>687000</CarrierFrequency>
    	<SymbolRate>30000</SymbolRate>
    	<Modulation>QAM160</Modulation>
    	<InnerFecRate>Rate3_4</InnerFecRate>
    	<CollectionType>PSIP</CollectionType>
  </Channel>
  <Channel>
    	<ChannelNumber>107</ChannelNumber>
	<CarrierFrequency>693000</CarrierFrequency>
    	<SymbolRate>30000</SymbolRate>
    	<Modulation>QAM160</Modulation>
    	<InnerFecRate>Rate3_4</InnerFecRate>
    	<CollectionType>PSIP</CollectionType>
  </Channel>
  <Channel>
    	<ChannelNumber>108</ChannelNumber>
	<CarrierFrequency>699000</CarrierFrequency>
    	<SymbolRate>30000</SymbolRate>
    	<Modulation>QAM160</Modulation>
    	<InnerFecRate>Rate3_4</InnerFecRate>
    	<CollectionType>PSIP</CollectionType>
  </Channel>
  <Channel>
    	<ChannelNumber>109</ChannelNumber>
	<CarrierFrequency>705000</CarrierFrequency>
    	<SymbolRate>30000</SymbolRate>
    	<Modulation>QAM160</Modulation>
    	<InnerFecRate>Rate3_4</InnerFecRate>
    	<CollectionType>PSIP</CollectionType>
  </Channel>
  <Channel>
    	<ChannelNumber>110</ChannelNumber>
	<CarrierFrequency>711000</CarrierFrequency>
    	<SymbolRate>30000</SymbolRate>
    	<Modulation>QAM160</Modulation>
    	<InnerFecRate>Rate3_4</InnerFecRate>
    	<CollectionType>PSIP</CollectionType>
  </Channel>
  <Channel>
    	<ChannelNumber>111</ChannelNumber>
	<CarrierFrequency>717000</CarrierFrequency>
    	<SymbolRate>30000</SymbolRate>
    	<Modulation>QAM160</Modulation>
    	<InnerFecRate>Rate3_4</InnerFecRate>
    	<CollectionType>PSIP</CollectionType>
  </Channel>
  <Channel>
    	<ChannelNumber>112</ChannelNumber>
	<CarrierFrequency>723000</CarrierFrequency>
    	<SymbolRate>30000</SymbolRate>
    	<Modulation>QAM160</Modulation>
    	<InnerFecRate>Rate3_4</InnerFecRate>
    	<CollectionType>PSIP</CollectionType>
  </Channel>
  <Channel>
    	<ChannelNumber>113</ChannelNumber>
	<CarrierFrequency>729000</CarrierFrequency>
    	<SymbolRate>30000</SymbolRate>
    	<Modulation>QAM160</Modulation>
    	<InnerFecRate>Rate3_4</InnerFecRate>
    	<CollectionType>PSIP</CollectionType>
  </Channel>
  <Channel>
    	<ChannelNumber>114</ChannelNumber>
	<CarrierFrequency>735000</CarrierFrequency>
    	<SymbolRate>30000</SymbolRate>
    	<Modulation>QAM160</Modulation>
    	<InnerFecRate>Rate3_4</InnerFecRate>
    	<CollectionType>PSIP</CollectionType>
  </Channel>
  <Channel>
    	<ChannelNumber>115</ChannelNumber>
	<CarrierFrequency>741000</CarrierFrequency>
    	<SymbolRate>30000</SymbolRate>
    	<Modulation>QAM160</Modulation>
    	<InnerFecRate>Rate3_4</InnerFecRate>
    	<CollectionType>PSIP</CollectionType>
  </Channel>
  <Channel>
    	<ChannelNumber>116</ChannelNumber>
	<CarrierFrequency>747000</CarrierFrequency>
    	<SymbolRate>30000</SymbolRate>
    	<Modulation>QAM160</Modulation>
    	<InnerFecRate>Rate3_4</InnerFecRate>
    	<CollectionType>PSIP</CollectionType>
  </Channel>
  <Channel>
    	<ChannelNumber>117</ChannelNumber>
	<CarrierFrequency>753000</CarrierFrequency>
    	<SymbolRate>30000</SymbolRate>
    	<Modulation>QAM160</Modulation>
    	<InnerFecRate>Rate3_4</InnerFecRate>
    	<CollectionType>PSIP</CollectionType>
  </Channel>
  <Channel>
    	<ChannelNumber>118</ChannelNumber>
	<CarrierFrequency>759000</CarrierFrequency>
    	<SymbolRate>30000</SymbolRate>
    	<Modulation>QAM160</Modulation>
    	<InnerFecRate>Rate3_4</InnerFecRate>
    	<CollectionType>PSIP</CollectionType>
  </Channel>
  <Channel>
    	<ChannelNumber>119</ChannelNumber>
	<CarrierFrequency>765000</CarrierFrequency>
    	<SymbolRate>30000</SymbolRate>
    	<Modulation>QAM160</Modulation>
    	<InnerFecRate>Rate3_4</InnerFecRate>
    	<CollectionType>PSIP</CollectionType>
  </Channel>
  <Channel>
    	<ChannelNumber>120</ChannelNumber>
	<CarrierFrequency>771000</CarrierFrequency>
    	<SymbolRate>30000</SymbolRate>
    	<Modulation>QAM160</Modulation>
    	<InnerFecRate>Rate3_4</InnerFecRate>
    	<CollectionType>PSIP</CollectionType>
  </Channel>
  <Channel>
    	<ChannelNumber>121</ChannelNumber>
	<CarrierFrequency>777000</CarrierFrequency>
    	<SymbolRate>30000</SymbolRate>
    	<Modulation>QAM160</Modulation>
    	<InnerFecRate>Rate3_4</InnerFecRate>
    	<CollectionType>PSIP</CollectionType>
  </Channel>
  <Channel>
    	<ChannelNumber>122</ChannelNumber>
	<CarrierFrequency>783000</CarrierFrequency>
    	<SymbolRate>30000</SymbolRate>
    	<Modulation>QAM160</Modulation>
    	<InnerFecRate>Rate3_4</InnerFecRate>
    	<CollectionType>PSIP</CollectionType>
  </Channel>
  <Channel>
    	<ChannelNumber>123</ChannelNumber>
	<CarrierFrequency>789000</CarrierFrequency>
    	<SymbolRate>30000</SymbolRate>
    	<Modulation>QAM160</Modulation>
    	<InnerFecRate>Rate3_4</InnerFecRate>
    	<CollectionType>PSIP</CollectionType>
  </Channel>
  <Channel>
    	<ChannelNumber>124</ChannelNumber>
	<CarrierFrequency>795000</CarrierFrequency>
    	<SymbolRate>30000</SymbolRate>
    	<Modulation>QAM160</Modulation>
    	<InnerFecRate>Rate3_4</InnerFecRate>
    	<CollectionType>PSIP</CollectionType>
  </Channel>
  <Channel>
    	<ChannelNumber>125</ChannelNumber>
	<CarrierFrequency>801000</CarrierFrequency>
    	<SymbolRate>30000</SymbolRate>
    	<Modulation>QAM160</Modulation>
    	<InnerFecRate>Rate3_4</InnerFecRate>
    	<CollectionType>PSIP</CollectionType>
  </Channel>
  <Channel>
    	<ChannelNumber>126</ChannelNumber>
	<CarrierFrequency>807000</CarrierFrequency>
    	<SymbolRate>30000</SymbolRate>
    	<Modulation>QAM160</Modulation>
    	<InnerFecRate>Rate3_4</InnerFecRate>
    	<CollectionType>PSIP</CollectionType>
  </Channel>
  <Channel>
    	<ChannelNumber>127</ChannelNumber>
	<CarrierFrequency>813000</CarrierFrequency>
    	<SymbolRate>30000</SymbolRate>
    	<Modulation>QAM160</Modulation>
    	<InnerFecRate>Rate3_4</InnerFecRate>
    	<CollectionType>PSIP</CollectionType>
  </Channel>
  <Channel>
    	<ChannelNumber>128</ChannelNumber>
	<CarrierFrequency>819000</CarrierFrequency>
    	<SymbolRate>30000</SymbolRate>
    	<Modulation>QAM160</Modulation>
    	<InnerFecRate>Rate3_4</InnerFecRate>
    	<CollectionType>PSIP</CollectionType>
  </Channel>
  <Channel>
    	<ChannelNumber>129</ChannelNumber>
	<CarrierFrequency>825000</CarrierFrequency>
    	<SymbolRate>30000</SymbolRate>
    	<Modulation>QAM160</Modulation>
    	<InnerFecRate>Rate3_4</InnerFecRate>
    	<CollectionType>PSIP</CollectionType>
  </Channel>
  <Channel>
    	<ChannelNumber>130</ChannelNumber>
	<CarrierFrequency>831000</CarrierFrequency>
    	<SymbolRate>30000</SymbolRate>
    	<Modulation>QAM160</Modulation>
    	<InnerFecRate>Rate3_4</InnerFecRate>
    	<CollectionType>PSIP</CollectionType>
  </Channel>
  <Channel>
    	<ChannelNumber>131</ChannelNumber>
	<CarrierFrequency>837000</CarrierFrequency>
    	<SymbolRate>30000</SymbolRate>
    	<Modulation>QAM160</Modulation>
    	<InnerFecRate>Rate3_4</InnerFecRate>
    	<CollectionType>PSIP</CollectionType>
  </Channel>
  <Channel>
    	<ChannelNumber>132</ChannelNumber>
	<CarrierFrequency>843000</CarrierFrequency>
    	<SymbolRate>30000</SymbolRate>
    	<Modulation>QAM160</Modulation>
    	<InnerFecRate>Rate3_4</InnerFecRate>
    	<CollectionType>PSIP</CollectionType>
  </Channel>
  <Channel>
    	<ChannelNumber>133</ChannelNumber>
	<CarrierFrequency>849000</CarrierFrequency>
    	<SymbolRate>30000</SymbolRate>
    	<Modulation>QAM160</Modulation>
    	<InnerFecRate>Rate3_4</InnerFecRate>
    	<CollectionType>PSIP</CollectionType>
  </Channel>
  <Channel>
    	<ChannelNumber>134</ChannelNumber>
	<CarrierFrequency>855000</CarrierFrequency>
    	<SymbolRate>30000</SymbolRate>
    	<Modulation>QAM160</Modulation>
    	<InnerFecRate>Rate3_4</InnerFecRate>
    	<CollectionType>PSIP</CollectionType>
  </Channel>
  <Channel>
    	<ChannelNumber>135</ChannelNumber>
	<CarrierFrequency>861000</CarrierFrequency>
    	<SymbolRate>30000</SymbolRate>
    	<Modulation>QAM160</Modulation>
    	<InnerFecRate>Rate3_4</InnerFecRate>
    	<CollectionType>PSIP</CollectionType>
  </Channel>
  <Channel>
    	<ChannelNumber>136</ChannelNumber>
	<CarrierFrequency>867000</CarrierFrequency>
    	<SymbolRate>30000</SymbolRate>
    	<Modulation>QAM160</Modulation>
    	<InnerFecRate>Rate3_4</InnerFecRate>
    	<CollectionType>PSIP</CollectionType>
  </Channel>
  <Channel>
    	<ChannelNumber>137</ChannelNumber>
	<CarrierFrequency>873000</CarrierFrequency>
    	<SymbolRate>30000</SymbolRate>
    	<Modulation>QAM160</Modulation>
    	<InnerFecRate>Rate3_4</InnerFecRate>
    	<CollectionType>PSIP</CollectionType>
  </Channel>
  <Channel>
    	<ChannelNumber>138</ChannelNumber>
	<CarrierFrequency>879000</CarrierFrequency>
    	<SymbolRate>30000</SymbolRate>
    	<Modulation>QAM160</Modulation>
    	<InnerFecRate>Rate3_4</InnerFecRate>
    	<CollectionType>PSIP</CollectionType>
  </Channel>
  <Channel>
    	<ChannelNumber>139</ChannelNumber>
	<CarrierFrequency>885000</CarrierFrequency>
    	<SymbolRate>30000</SymbolRate>
    	<Modulation>QAM160</Modulation>
    	<InnerFecRate>Rate3_4</InnerFecRate>
    	<CollectionType>PSIP</CollectionType>
  </Channel>
  <Channel>
    	<ChannelNumber>140</ChannelNumber>
	<CarrierFrequency>891000</CarrierFrequency>
    	<SymbolRate>30000</SymbolRate>
    	<Modulation>QAM160</Modulation>
    	<InnerFecRate>Rate3_4</InnerFecRate>
    	<CollectionType>PSIP</CollectionType>
  </Channel>
  <Channel>
    	<ChannelNumber>141</ChannelNumber>
	<CarrierFrequency>897000</CarrierFrequency>
    	<SymbolRate>30000</SymbolRate>
    	<Modulation>QAM160</Modulation>
    	<InnerFecRate>Rate3_4</InnerFecRate>
    	<CollectionType>PSIP</CollectionType>
  </Channel>
  <Channel>
    	<ChannelNumber>142</ChannelNumber>
	<CarrierFrequency>903000</CarrierFrequency>
    	<SymbolRate>30000</SymbolRate>
    	<Modulation>QAM160</Modulation>
    	<InnerFecRate>Rate3_4</InnerFecRate>
    	<CollectionType>PSIP</CollectionType>
  </Channel>
  <Channel>
    	<ChannelNumber>143</ChannelNumber>
	<CarrierFrequency>909000</CarrierFrequency>
    	<SymbolRate>30000</SymbolRate>
    	<Modulation>QAM160</Modulation>
    	<InnerFecRate>Rate3_4</InnerFecRate>
    	<CollectionType>PSIP</CollectionType>
  </Channel>
  <Channel>
    	<ChannelNumber>144</ChannelNumber>
	<CarrierFrequency>915000</CarrierFrequency>
    	<SymbolRate>30000</SymbolRate>
    	<Modulation>QAM160</Modulation>
    	<InnerFecRate>Rate3_4</InnerFecRate>
    	<CollectionType>PSIP</CollectionType>
  </Channel>
  <Channel>
    	<ChannelNumber>145</ChannelNumber>
	<CarrierFrequency>921000</CarrierFrequency>
    	<SymbolRate>30000</SymbolRate>
    	<Modulation>QAM160</Modulation>
    	<InnerFecRate>Rate3_4</InnerFecRate>
    	<CollectionType>PSIP</CollectionType>
  </Channel>
  <Channel>
    	<ChannelNumber>146</ChannelNumber>
	<CarrierFrequency>927000</CarrierFrequency>
    	<SymbolRate>30000</SymbolRate>
    	<Modulation>QAM160</Modulation>
    	<InnerFecRate>Rate3_4</InnerFecRate>
    	<CollectionType>PSIP</CollectionType>
  </Channel>
  <Channel>
    	<ChannelNumber>147</ChannelNumber>
	<CarrierFrequency>933000</CarrierFrequency>
    	<SymbolRate>30000</SymbolRate>
    	<Modulation>QAM160</Modulation>
    	<InnerFecRate>Rate3_4</InnerFecRate>
    	<CollectionType>PSIP</CollectionType>
  </Channel>
  <Channel>
    	<ChannelNumber>148</ChannelNumber>
	<CarrierFrequency>939000</CarrierFrequency>
    	<SymbolRate>30000</SymbolRate>
    	<Modulation>QAM160</Modulation>
    	<InnerFecRate>Rate3_4</InnerFecRate>
    	<CollectionType>PSIP</CollectionType>
  </Channel>
  <Channel>
    	<ChannelNumber>149</ChannelNumber>
	<CarrierFrequency>945000</CarrierFrequency>
    	<SymbolRate>30000</SymbolRate>
    	<Modulation>QAM160</Modulation>
    	<InnerFecRate>Rate3_4</InnerFecRate>
    	<CollectionType>PSIP</CollectionType>
  </Channel>
  <Channel>
    	<ChannelNumber>150</ChannelNumber>
	<CarrierFrequency>951000</CarrierFrequency>
    	<SymbolRate>30000</SymbolRate>
    	<Modulation>QAM160</Modulation>
    	<InnerFecRate>Rate3_4</InnerFecRate>
    	<CollectionType>PSIP</CollectionType>
  </Channel>
  <Channel>
    	<ChannelNumber>151</ChannelNumber>
	<CarrierFrequency>957000</CarrierFrequency>
    	<SymbolRate>30000</SymbolRate>
    	<Modulation>QAM160</Modulation>
    	<InnerFecRate>Rate3_4</InnerFecRate>
    	<CollectionType>PSIP</CollectionType>
  </Channel>
  <Channel>
    	<ChannelNumber>152</ChannelNumber>
	<CarrierFrequency>963000</CarrierFrequency>
    	<SymbolRate>30000</SymbolRate>
    	<Modulation>QAM160</Modulation>
    	<InnerFecRate>Rate3_4</InnerFecRate>
    	<CollectionType>PSIP</CollectionType>
  </Channel>
  <Channel>
    	<ChannelNumber>153</ChannelNumber>
	<CarrierFrequency>969000</CarrierFrequency>
    	<SymbolRate>30000</SymbolRate>
    	<Modulation>QAM160</Modulation>
    	<InnerFecRate>Rate3_4</InnerFecRate>
    	<CollectionType>PSIP</CollectionType>
  </Channel>
  <Channel>
    	<ChannelNumber>154</ChannelNumber>
	<CarrierFrequency>975000</CarrierFrequency>
    	<SymbolRate>30000</SymbolRate>
    	<Modulation>QAM160</Modulation>
    	<InnerFecRate>Rate3_4</InnerFecRate>
    	<CollectionType>PSIP</CollectionType>
  </Channel>
  <Channel>
    	<ChannelNumber>155</ChannelNumber>
	<CarrierFrequency>981000</CarrierFrequency>
    	<SymbolRate>30000</SymbolRate>
    	<Modulation>QAM160</Modulation>
    	<InnerFecRate>Rate3_4</InnerFecRate>
    	<CollectionType>PSIP</CollectionType>
  </Channel>
  <Channel>
    	<ChannelNumber>156</ChannelNumber>
	<CarrierFrequency>987000</CarrierFrequency>
    	<SymbolRate>30000</SymbolRate>
    	<Modulation>QAM160</Modulation>
    	<InnerFecRate>Rate3_4</InnerFecRate>
    	<CollectionType>PSIP</CollectionType>
  </Channel>
  <Channel>
    	<ChannelNumber>157</ChannelNumber>
	<CarrierFrequency>993000</CarrierFrequency>
    	<SymbolRate>30000</SymbolRate>
    	<Modulation>QAM160</Modulation>
    	<InnerFecRate>Rate3_4</InnerFecRate>
    	<CollectionType>PSIP</CollectionType>
  </Channel>
  <Channel>
    	<ChannelNumber>158</ChannelNumber>
	<CarrierFrequency>999000</CarrierFrequency>
    	<SymbolRate>30000</SymbolRate>
    	<Modulation>QAM160</Modulation>
    	<InnerFecRate>Rate3_4</InnerFecRate>
    	<CollectionType>PSIP</CollectionType>
  </Channel>  
</ArrayOfChannel>