<?xml version="1.0" encoding="UTF-8" standalone="yes"?>
<ArrayOfChannel xmlns:xsi="http://www.w3.org/2001/XMLSchema-instance">
	<Channel>
		<ChannelNumber>2</ChannelNumber>
		<CarrierFrequency>55250</CarrierFrequency>
		<SymbolRate>6000</SymbolRate>
		<Modulation>VSB8Cable</Modulation>
		<InnerFecRate>Rate2_3</InnerFecRate>
		<CollectionType>PSIP</CollectionType>
	</Channel>
	<Channel>
		<ChannelNumber>3</ChannelNumber>
		<CarrierFrequency>61250</CarrierFrequency>
		<SymbolRate>6000</SymbolRate>
		<Modulation>VSB8Cable</Modulation>
		<InnerFecRate>Rate2_3</InnerFecRate>
		<CollectionType>PSIP</CollectionType>
	</Channel>
	<Channel>
		<ChannelNumber>4</ChannelNumber>
		<CarrierFrequency>67250</CarrierFrequency>
		<SymbolRate>6000</SymbolRate>
		<Modulation>VSB8Cable</Modulation>
		<InnerFecRate>Rate2_3</InnerFecRate>
		<CollectionType>PSIP</CollectionType>
	</Channel>
	<Channel>
		<ChannelNumber>5</ChannelNumber>
		<CarrierFrequency>77250</CarrierFrequency>
		<SymbolRate>6000</SymbolRate>
		<Modulation>VSB8Cable</Modulation>
		<InnerFecRate>Rate2_3</InnerFecRate>
		<CollectionType>PSIP</CollectionType>
	</Channel>
	<Channel>
		<ChannelNumber>6</ChannelNumber>
		<CarrierFrequency>83250</CarrierFrequency>
		<SymbolRate>6000</SymbolRate>
		<Modulation>VSB8Cable</Modulation>
		<InnerFecRate>Rate2_3</InnerFecRate>
		<CollectionType>PSIP</CollectionType>
	</Channel>
	<Channel>
		<ChannelNumber>7</ChannelNumber>
		<CarrierFrequency>175250</CarrierFrequency>
		<SymbolRate>6000</SymbolRate>
		<Modulation>VSB8Cable</Modulation>
		<InnerFecRate>Rate2_3</InnerFecRate>
		<CollectionType>PSIP</CollectionType>
	</Channel>
	<Channel>
		<ChannelNumber>8</ChannelNumber>
		<CarrierFrequency>181250</CarrierFrequency>
		<SymbolRate>6000</SymbolRate>
		<Modulation>VSB8Cable</Modulation>
		<InnerFecRate>Rate2_3</InnerFecRate>
		<CollectionType>PSIP</CollectionType>
	</Channel>
	<Channel>
		<ChannelNumber>9</ChannelNumber>
		<CarrierFrequency>187250</CarrierFrequency>
		<SymbolRate>6000</SymbolRate>
		<Modulation>VSB8Cable</Modulation>
		<InnerFecRate>Rate2_3</InnerFecRate>
		<CollectionType>PSIP</CollectionType>
	</Channel>
	<Channel>
		<ChannelNumber>10</ChannelNumber>
		<CarrierFrequency>193250</CarrierFrequency>
		<SymbolRate>6000</SymbolRate>
		<Modulation>VSB8Cable</Modulation>
		<InnerFecRate>Rate2_3</InnerFecRate>
		<CollectionType>PSIP</CollectionType>
	</Channel>
	<Channel>
		<ChannelNumber>11</ChannelNumber>
		<CarrierFrequency>199250</CarrierFrequency>
		<SymbolRate>6000</SymbolRate>
		<Modulation>VSB8Cable</Modulation>
		<InnerFecRate>Rate2_3</InnerFecRate>
		<CollectionType>PSIP</CollectionType>
	</Channel>
	<Channel>
		<ChannelNumber>12</ChannelNumber>
		<CarrierFrequency>205250</CarrierFrequency>
		<SymbolRate>6000</SymbolRate>
		<Modulation>VSB8Cable</Modulation>
		<InnerFecRate>Rate2_3</InnerFecRate>
		<CollectionType>PSIP</CollectionType>
	</Channel>
	<Channel>
		<ChannelNumber>13</ChannelNumber>
		<CarrierFrequency>211250</CarrierFrequency>
		<SymbolRate>6000</SymbolRate>
		<Modulation>VSB8Cable</Modulation>
		<InnerFecRate>Rate2_3</InnerFecRate>
		<CollectionType>PSIP</CollectionType>
	</Channel>
	<Channel>
		<ChannelNumber>14</ChannelNumber>
		<CarrierFrequency>121250</CarrierFrequency>
		<SymbolRate>6000</SymbolRate>
		<Modulation>VSB8Cable</Modulation>
		<InnerFecRate>Rate2_3</InnerFecRate>
		<CollectionType>PSIP</CollectionType>
	</Channel>
	<Channel>
		<ChannelNumber>15</ChannelNumber>
		<CarrierFrequency>127250</CarrierFrequency>
		<SymbolRate>6000</SymbolRate>
		<Modulation>VSB8Cable</Modulation>
		<InnerFecRate>Rate2_3</InnerFecRate>
		<CollectionType>PSIP</CollectionType>
	</Channel>
	<Channel>
		<ChannelNumber>16</ChannelNumber>
		<CarrierFrequency>133250</CarrierFrequency>
		<SymbolRate>6000</SymbolRate>
		<Modulation>VSB8Cable</Modulation>
		<InnerFecRate>Rate2_3</InnerFecRate>
		<CollectionType>PSIP</CollectionType>
	</Channel>
	<Channel>
		<ChannelNumber>17</ChannelNumber>
		<CarrierFrequency>139250</CarrierFrequency>
		<SymbolRate>6000</SymbolRate>
		<Modulation>VSB8Cable</Modulation>
		<InnerFecRate>Rate2_3</InnerFecRate>
		<CollectionType>PSIP</CollectionType>
	</Channel>
	<Channel>
		<ChannelNumber>18</ChannelNumber>
		<CarrierFrequency>145250</CarrierFrequency>
		<SymbolRate>6000</SymbolRate>
		<Modulation>VSB8Cable</Modulation>
		<InnerFecRate>Rate2_3</InnerFecRate>
		<CollectionType>PSIP</CollectionType>
	</Channel>
	<Channel>
		<ChannelNumber>19</ChannelNumber>
		<CarrierFrequency>151250</CarrierFrequency>
		<SymbolRate>6000</SymbolRate>
		<Modulation>VSB8Cable</Modulation>
		<InnerFecRate>Rate2_3</InnerFecRate>
		<CollectionType>PSIP</CollectionType>
	</Channel>
	<Channel>
		<ChannelNumber>20</ChannelNumber>
		<CarrierFrequency>157250</CarrierFrequency>
		<SymbolRate>6000</SymbolRate>
		<Modulation>VSB8Cable</Modulation>
		<InnerFecRate>Rate2_3</InnerFecRate>
		<CollectionType>PSIP</CollectionType>
	</Channel>
	<Channel>
		<ChannelNumber>21</ChannelNumber>
		<CarrierFrequency>163250</CarrierFrequency>
		<SymbolRate>6000</SymbolRate>
		<Modulation>VSB8Cable</Modulation>
		<InnerFecRate>Rate2_3</InnerFecRate>
		<CollectionType>PSIP</CollectionType>
	</Channel>
	<Channel>
		<ChannelNumber>22</ChannelNumber>
		<CarrierFrequency>169250</CarrierFrequency>
		<SymbolRate>6000</SymbolRate>
		<Modulation>VSB8Cable</Modulation>
		<InnerFecRate>Rate2_3</InnerFecRate>
		<CollectionType>PSIP</CollectionType>
	</Channel>
	<Channel>
		<ChannelNumber>23</ChannelNumber>
		<CarrierFrequency>217250</CarrierFrequency>
		<SymbolRate>6000</SymbolRate>
		<Modulation>VSB8Cable</Modulation>
		<InnerFecRate>Rate2_3</InnerFecRate>
		<CollectionType>PSIP</CollectionType>
	</Channel>
	<Channel>
		<ChannelNumber>24</ChannelNumber>
		<CarrierFrequency>223250</CarrierFrequency>
		<SymbolRate>6000</SymbolRate>
		<Modulation>VSB8Cable</Modulation>
		<InnerFecRate>Rate2_3</InnerFecRate>
		<CollectionType>PSIP</CollectionType>
	</Channel>
	<Channel>
		<ChannelNumber>25</ChannelNumber>
		<CarrierFrequency>229250</CarrierFrequency>
		<SymbolRate>6000</SymbolRate>
		<Modulation>VSB8Cable</Modulation>
		<InnerFecRate>Rate2_3</InnerFecRate>
		<CollectionType>PSIP</CollectionType>
	</Channel>
	<Channel>
		<ChannelNumber>26</ChannelNumber>
		<CarrierFrequency>235250</CarrierFrequency>
		<SymbolRate>6000</SymbolRate>
		<Modulation>VSB8Cable</Modulation>
		<InnerFecRate>Rate2_3</InnerFecRate>
		<CollectionType>PSIP</CollectionType>
	</Channel>
	<Channel>
		<ChannelNumber>27</ChannelNumber>
		<CarrierFrequency>241250</CarrierFrequency>
		<SymbolRate>6000</SymbolRate>
		<Modulation>VSB8Cable</Modulation>
		<InnerFecRate>Rate2_3</InnerFecRate>
		<CollectionType>PSIP</CollectionType>
	</Channel>
	<Channel>
		<ChannelNumber>28</ChannelNumber>
		<CarrierFrequency>247250</CarrierFrequency>
		<SymbolRate>6000</SymbolRate>
		<Modulation>VSB8Cable</Modulation>
		<InnerFecRate>Rate2_3</InnerFecRate>
		<CollectionType>PSIP</CollectionType>
	</Channel>
	<Channel>
		<ChannelNumber>29</ChannelNumber>
		<CarrierFrequency>253250</CarrierFrequency>
		<SymbolRate>6000</SymbolRate>
		<Modulation>VSB8Cable</Modulation>
		<InnerFecRate>Rate2_3</InnerFecRate>
		<CollectionType>PSIP</CollectionType>
	</Channel>
	<Channel>
		<ChannelNumber>30</ChannelNumber>
		<CarrierFrequency>259250</CarrierFrequency>
		<SymbolRate>6000</SymbolRate>
		<Modulation>VSB8Cable</Modulation>
		<InnerFecRate>Rate2_3</InnerFecRate>
		<CollectionType>PSIP</CollectionType>
	</Channel>
	<Channel>
		<ChannelNumber>31</ChannelNumber>
		<CarrierFrequency>265250</CarrierFrequency>
		<SymbolRate>6000</SymbolRate>
		<Modulation>VSB8Cable</Modulation>
		<InnerFecRate>Rate2_3</InnerFecRate>
		<CollectionType>PSIP</CollectionType>
	</Channel>
	<Channel>
		<ChannelNumber>32</ChannelNumber>
		<CarrierFrequency>271250</CarrierFrequency>
		<SymbolRate>6000</SymbolRate>
		<Modulation>VSB8Cable</Modulation>
		<InnerFecRate>Rate2_3</InnerFecRate>
		<CollectionType>PSIP</CollectionType>
	</Channel>
	<Channel>
		<ChannelNumber>33</ChannelNumber>
		<CarrierFrequency>277250</CarrierFrequency>
		<SymbolRate>6000</SymbolRate>
		<Modulation>VSB8Cable</Modulation>
		<InnerFecRate>Rate2_3</InnerFecRate>
		<CollectionType>PSIP</CollectionType>
	</Channel>
	<Channel>
		<ChannelNumber>34</ChannelNumber>
		<CarrierFrequency>283250</CarrierFrequency>
		<SymbolRate>6000</SymbolRate>
		<Modulation>VSB8Cable</Modulation>
		<InnerFecRate>Rate2_3</InnerFecRate>
		<CollectionType>PSIP</CollectionType>
	</Channel>
	<Channel>
		<ChannelNumber>35</ChannelNumber>
		<CarrierFrequency>289250</CarrierFrequency>
		<SymbolRate>6000</SymbolRate>
		<Modulation>VSB8Cable</Modulation>
		<InnerFecRate>Rate2_3</InnerFecRate>
		<CollectionType>PSIP</CollectionType>
	</Channel>
	<Channel>
		<ChannelNumber>36</ChannelNumber>
		<CarrierFrequency>295250</CarrierFrequency>
		<SymbolRate>6000</SymbolRate>
		<Modulation>VSB8Cable</Modulation>
		<InnerFecRate>Rate2_3</InnerFecRate>
		<CollectionType>PSIP</CollectionType>
	</Channel>
	<Channel>
		<ChannelNumber>37</ChannelNumber>
		<CarrierFrequency>301250</CarrierFrequency>
		<SymbolRate>6000</SymbolRate>
		<Modulation>VSB8Cable</Modulation>
		<InnerFecRate>Rate2_3</InnerFecRate>
		<CollectionType>PSIP</CollectionType>
	</Channel>
	<Channel>
		<ChannelNumber>38</ChannelNumber>
		<CarrierFrequency>307250</CarrierFrequency>
		<SymbolRate>6000</SymbolRate>
		<Modulation>VSB8Cable</Modulation>
		<InnerFecRate>Rate2_3</InnerFecRate>
		<CollectionType>PSIP</CollectionType>
	</Channel>
	<Channel>
		<ChannelNumber>39</ChannelNumber>
		<CarrierFrequency>313250</CarrierFrequency>
		<SymbolRate>6000</SymbolRate>
		<Modulation>VSB8Cable</Modulation>
		<InnerFecRate>Rate2_3</InnerFecRate>
		<CollectionType>PSIP</CollectionType>
	</Channel>
	<Channel>
		<ChannelNumber>40</ChannelNumber>
		<CarrierFrequency>319250</CarrierFrequency>
		<SymbolRate>6000</SymbolRate>
		<Modulation>VSB8Cable</Modulation>
		<InnerFecRate>Rate2_3</InnerFecRate>
		<CollectionType>PSIP</CollectionType>
	</Channel>
	<Channel>
		<ChannelNumber>41</ChannelNumber>
		<CarrierFrequency>325250</CarrierFrequency>
		<SymbolRate>6000</SymbolRate>
		<Modulation>VSB8Cable</Modulation>
		<InnerFecRate>Rate2_3</InnerFecRate>
		<CollectionType>PSIP</CollectionType>
	</Channel>
	<Channel>
		<ChannelNumber>42</ChannelNumber>
		<CarrierFrequency>331250</CarrierFrequency>
		<SymbolRate>6000</SymbolRate>
		<Modulation>VSB8Cable</Modulation>
		<InnerFecRate>Rate2_3</InnerFecRate>
		<CollectionType>PSIP</CollectionType>
	</Channel>
	<Channel>
		<ChannelNumber>43</ChannelNumber>
		<CarrierFrequency>337250</CarrierFrequency>
		<SymbolRate>6000</SymbolRate>
		<Modulation>VSB8Cable</Modulation>
		<InnerFecRate>Rate2_3</InnerFecRate>
		<CollectionType>PSIP</CollectionType>
	</Channel>
	<Channel>
		<ChannelNumber>44</ChannelNumber>
		<CarrierFrequency>343250</CarrierFrequency>
		<SymbolRate>6000</SymbolRate>
		<Modulation>VSB8Cable</Modulation>
		<InnerFecRate>Rate2_3</InnerFecRate>
		<CollectionType>PSIP</CollectionType>
	</Channel>
	<Channel>
		<ChannelNumber>45</ChannelNumber>
		<CarrierFrequency>349250</CarrierFrequency>
		<SymbolRate>6000</SymbolRate>
		<Modulation>VSB8Cable</Modulation>
		<InnerFecRate>Rate2_3</InnerFecRate>
		<CollectionType>PSIP</CollectionType>
	</Channel>
	<Channel>
		<ChannelNumber>46</ChannelNumber>
		<CarrierFrequency>355250</CarrierFrequency>
		<SymbolRate>6000</SymbolRate>
		<Modulation>VSB8Cable</Modulation>
		<InnerFecRate>Rate2_3</InnerFecRate>
		<CollectionType>PSIP</CollectionType>
	</Channel>
	<Channel>
		<ChannelNumber>47</ChannelNumber>
		<CarrierFrequency>361250</CarrierFrequency>
		<SymbolRate>6000</SymbolRate>
		<Modulation>VSB8Cable</Modulation>
		<InnerFecRate>Rate2_3</InnerFecRate>
		<CollectionType>PSIP</CollectionType>
	</Channel>
	<Channel>
		<ChannelNumber>48</ChannelNumber>
		<CarrierFrequency>367250</CarrierFrequency>
		<SymbolRate>6000</SymbolRate>
		<Modulation>VSB8Cable</Modulation>
		<InnerFecRate>Rate2_3</InnerFecRate>
		<CollectionType>PSIP</CollectionType>
	</Channel>
	<Channel>
		<ChannelNumber>49</ChannelNumber>
		<CarrierFrequency>373250</CarrierFrequency>
		<SymbolRate>6000</SymbolRate>
		<Modulation>VSB8Cable</Modulation>
		<InnerFecRate>Rate2_3</InnerFecRate>
		<CollectionType>PSIP</CollectionType>
	</Channel>
	<Channel>
		<ChannelNumber>50</ChannelNumber>
		<CarrierFrequency>379250</CarrierFrequency>
		<SymbolRate>6000</SymbolRate>
		<Modulation>VSB8Cable</Modulation>
		<InnerFecRate>Rate2_3</InnerFecRate>
		<CollectionType>PSIP</CollectionType>
	</Channel>
	<Channel>
		<ChannelNumber>51</ChannelNumber>
		<CarrierFrequency>385250</CarrierFrequency>
		<SymbolRate>6000</SymbolRate>
		<Modulation>VSB8Cable</Modulation>
		<InnerFecRate>Rate2_3</InnerFecRate>
		<CollectionType>PSIP</CollectionType>
	</Channel>
	<Channel>
		<ChannelNumber>52</ChannelNumber>
		<CarrierFrequency>391250</CarrierFrequency>
		<SymbolRate>6000</SymbolRate>
		<Modulation>VSB8Cable</Modulation>
		<InnerFecRate>Rate2_3</InnerFecRate>
		<CollectionType>PSIP</CollectionType>
	</Channel>
	<Channel>
		<ChannelNumber>53</ChannelNumber>
		<CarrierFrequency>397250</CarrierFrequency>
		<SymbolRate>6000</SymbolRate>
		<Modulation>VSB8Cable</Modulation>
		<InnerFecRate>Rate2_3</InnerFecRate>
		<CollectionType>PSIP</CollectionType>
	</Channel>
	<Channel>
		<ChannelNumber>54</ChannelNumber>
		<CarrierFrequency>403250</CarrierFrequency>
		<SymbolRate>6000</SymbolRate>
		<Modulation>VSB8Cable</Modulation>
		<InnerFecRate>Rate2_3</InnerFecRate>
		<CollectionType>PSIP</CollectionType>
	</Channel>
	<Channel>
		<ChannelNumber>55</ChannelNumber>
		<CarrierFrequency>409250</CarrierFrequency>
		<SymbolRate>6000</SymbolRate>
		<Modulation>VSB8Cable</Modulation>
		<InnerFecRate>Rate2_3</InnerFecRate>
		<CollectionType>PSIP</CollectionType>
	</Channel>
	<Channel>
		<ChannelNumber>56</ChannelNumber>
		<CarrierFrequency>415250</CarrierFrequency>
		<SymbolRate>6000</SymbolRate>
		<Modulation>VSB8Cable</Modulation>
		<InnerFecRate>Rate2_3</InnerFecRate>
		<CollectionType>PSIP</CollectionType>
	</Channel>
	<Channel>
		<ChannelNumber>57</ChannelNumber>
		<CarrierFrequency>421250</CarrierFrequency>
		<SymbolRate>6000</SymbolRate>
		<Modulation>VSB8Cable</Modulation>
		<InnerFecRate>Rate2_3</InnerFecRate>
		<CollectionType>PSIP</CollectionType>
	</Channel>
	<Channel>
		<ChannelNumber>58</ChannelNumber>
		<CarrierFrequency>427250</CarrierFrequency>
		<SymbolRate>6000</SymbolRate>
		<Modulation>VSB8Cable</Modulation>
		<InnerFecRate>Rate2_3</InnerFecRate>
		<CollectionType>PSIP</CollectionType>
	</Channel>
	<Channel>
		<ChannelNumber>59</ChannelNumber>
		<CarrierFrequency>433250</CarrierFrequency>
		<SymbolRate>6000</SymbolRate>
		<Modulation>VSB8Cable</Modulation>
		<InnerFecRate>Rate2_3</InnerFecRate>
		<CollectionType>PSIP</CollectionType>
	</Channel>
	<Channel>
		<ChannelNumber>60</ChannelNumber>
		<CarrierFrequency>439250</CarrierFrequency>
		<SymbolRate>6000</SymbolRate>
		<Modulation>VSB8Cable</Modulation>
		<InnerFecRate>Rate2_3</InnerFecRate>
		<CollectionType>PSIP</CollectionType>
	</Channel>
	<Channel>
		<ChannelNumber>61</ChannelNumber>
		<CarrierFrequency>445250</CarrierFrequency>
		<SymbolRate>6000</SymbolRate>
		<Modulation>VSB8Cable</Modulation>
		<InnerFecRate>Rate2_3</InnerFecRate>
		<CollectionType>PSIP</CollectionType>
	</Channel>
	<Channel>
		<ChannelNumber>62</ChannelNumber>
		<CarrierFrequency>451250</CarrierFrequency>
		<SymbolRate>6000</SymbolRate>
		<Modulation>VSB8Cable</Modulation>
		<InnerFecRate>Rate2_3</InnerFecRate>
		<CollectionType>PSIP</CollectionType>
	</Channel>
	<Channel>
		<ChannelNumber>63</ChannelNumber>
		<CarrierFrequency>457250</CarrierFrequency>
		<SymbolRate>6000</SymbolRate>
		<Modulation>VSB8Cable</Modulation>
		<InnerFecRate>Rate2_3</InnerFecRate>
		<CollectionType>PSIP</CollectionType>
	</Channel>
	<Channel>
		<ChannelNumber>64</ChannelNumber>
		<CarrierFrequency>463250</CarrierFrequency>
		<SymbolRate>6000</SymbolRate>
		<Modulation>VSB8Cable</Modulation>
		<InnerFecRate>Rate2_3</InnerFecRate>
		<CollectionType>PSIP</CollectionType>
	</Channel>
	<Channel>
		<ChannelNumber>65</ChannelNumber>
		<CarrierFrequency>469250</CarrierFrequency>
		<SymbolRate>6000</SymbolRate>
		<Modulation>VSB8Cable</Modulation>
		<InnerFecRate>Rate2_3</InnerFecRate>
		<CollectionType>PSIP</CollectionType>
	</Channel>
	<Channel>
		<ChannelNumber>66</ChannelNumber>
		<CarrierFrequency>475250</CarrierFrequency>
		<SymbolRate>6000</SymbolRate>
		<Modulation>VSB8Cable</Modulation>
		<InnerFecRate>Rate2_3</InnerFecRate>
		<CollectionType>PSIP</CollectionType>
	</Channel>
	<Channel>
		<ChannelNumber>67</ChannelNumber>
		<CarrierFrequency>481250</CarrierFrequency>
		<SymbolRate>6000</SymbolRate>
		<Modulation>VSB8Cable</Modulation>
		<InnerFecRate>Rate2_3</InnerFecRate>
		<CollectionType>PSIP</CollectionType>
	</Channel>
	<Channel>
		<ChannelNumber>68</ChannelNumber>
		<CarrierFrequency>487250</CarrierFrequency>
		<SymbolRate>6000</SymbolRate>
		<Modulation>VSB8Cable</Modulation>
		<InnerFecRate>Rate2_3</InnerFecRate>
		<CollectionType>PSIP</CollectionType>
	</Channel>
	<Channel>
		<ChannelNumber>69</ChannelNumber>
		<CarrierFrequency>493250</CarrierFrequency>
		<SymbolRate>6000</SymbolRate>
		<Modulation>VSB8Cable</Modulation>
		<InnerFecRate>Rate2_3</InnerFecRate>
		<CollectionType>PSIP</CollectionType>
	</Channel>
	<Channel>
		<ChannelNumber>70</ChannelNumber>
		<CarrierFrequency>499250</CarrierFrequency>
		<SymbolRate>6000</SymbolRate>
		<Modulation>VSB8Cable</Modulation>
		<InnerFecRate>Rate2_3</InnerFecRate>
		<CollectionType>PSIP</CollectionType>
	</Channel>
	<Channel>
		<ChannelNumber>71</ChannelNumber>
		<CarrierFrequency>505250</CarrierFrequency>
		<SymbolRate>6000</SymbolRate>
		<Modulation>VSB8Cable</Modulation>
		<InnerFecRate>Rate2_3</InnerFecRate>
		<CollectionType>PSIP</CollectionType>
	</Channel>
	<Channel>
		<ChannelNumber>72</ChannelNumber>
		<CarrierFrequency>511250</CarrierFrequency>
		<SymbolRate>6000</SymbolRate>
		<Modulation>VSB8Cable</Modulation>
		<InnerFecRate>Rate2_3</InnerFecRate>
		<CollectionType>PSIP</CollectionType>
	</Channel>
	<Channel>
		<ChannelNumber>73</ChannelNumber>
		<CarrierFrequency>517250</CarrierFrequency>
		<SymbolRate>6000</SymbolRate>
		<Modulation>VSB8Cable</Modulation>
		<InnerFecRate>Rate2_3</InnerFecRate>
		<CollectionType>PSIP</CollectionType>
	</Channel>
	<Channel>
		<ChannelNumber>74</ChannelNumber>
		<CarrierFrequency>523250</CarrierFrequency>
		<SymbolRate>6000</SymbolRate>
		<Modulation>VSB8Cable</Modulation>
		<InnerFecRate>Rate2_3</InnerFecRate>
		<CollectionType>PSIP</CollectionType>
	</Channel>
	<Channel>
		<ChannelNumber>75</ChannelNumber>
		<CarrierFrequency>529250</CarrierFrequency>
		<SymbolRate>6000</SymbolRate>
		<Modulation>VSB8Cable</Modulation>
		<InnerFecRate>Rate2_3</InnerFecRate>
		<CollectionType>PSIP</CollectionType>
	</Channel>
	<Channel>
		<ChannelNumber>76</ChannelNumber>
		<CarrierFrequency>535250</CarrierFrequency>
		<SymbolRate>6000</SymbolRate>
		<Modulation>VSB8Cable</Modulation>
		<InnerFecRate>Rate2_3</InnerFecRate>
		<CollectionType>PSIP</CollectionType>
	</Channel>
	<Channel>
		<ChannelNumber>77</ChannelNumber>
		<CarrierFrequency>541250</CarrierFrequency>
		<SymbolRate>6000</SymbolRate>
		<Modulation>VSB8Cable</Modulation>
		<InnerFecRate>Rate2_3</InnerFecRate>
		<CollectionType>PSIP</CollectionType>
	</Channel>
	<Channel>
		<ChannelNumber>78</ChannelNumber>
		<CarrierFrequency>547250</CarrierFrequency>
		<SymbolRate>6000</SymbolRate>
		<Modulation>VSB8Cable</Modulation>
		<InnerFecRate>Rate2_3</InnerFecRate>
		<CollectionType>PSIP</CollectionType>
	</Channel>
	<Channel>
		<ChannelNumber>79</ChannelNumber>
		<CarrierFrequency>553250</CarrierFrequency>
		<SymbolRate>6000</SymbolRate>
		<Modulation>VSB8Cable</Modulation>
		<InnerFecRate>Rate2_3</InnerFecRate>
		<CollectionType>PSIP</CollectionType>
	</Channel>
	<Channel>
		<ChannelNumber>80</ChannelNumber>
		<CarrierFrequency>559250</CarrierFrequency>
		<SymbolRate>6000</SymbolRate>
		<Modulation>VSB8Cable</Modulation>
		<InnerFecRate>Rate2_3</InnerFecRate>
		<CollectionType>PSIP</CollectionType>
	</Channel>
	<Channel>
		<ChannelNumber>81</ChannelNumber>
		<CarrierFrequency>565250</CarrierFrequency>
		<SymbolRate>6000</SymbolRate>
		<Modulation>VSB8Cable</Modulation>
		<InnerFecRate>Rate2_3</InnerFecRate>
		<CollectionType>PSIP</CollectionType>
	</Channel>
	<Channel>
		<ChannelNumber>82</ChannelNumber>
		<CarrierFrequency>571250</CarrierFrequency>
		<SymbolRate>6000</SymbolRate>
		<Modulation>VSB8Cable</Modulation>
		<InnerFecRate>Rate2_3</InnerFecRate>
		<CollectionType>PSIP</CollectionType>
	</Channel>
	<Channel>
		<ChannelNumber>83</ChannelNumber>
		<CarrierFrequency>577250</CarrierFrequency>
		<SymbolRate>6000</SymbolRate>
		<Modulation>VSB8Cable</Modulation>
		<InnerFecRate>Rate2_3</InnerFecRate>
		<CollectionType>PSIP</CollectionType>
	</Channel>
	<Channel>
		<ChannelNumber>84</ChannelNumber>
		<CarrierFrequency>583250</CarrierFrequency>
		<SymbolRate>6000</SymbolRate>
		<Modulation>VSB8Cable</Modulation>
		<InnerFecRate>Rate2_3</InnerFecRate>
		<CollectionType>PSIP</CollectionType>
	</Channel>
	<Channel>
		<ChannelNumber>85</ChannelNumber>
		<CarrierFrequency>589250</CarrierFrequency>
		<SymbolRate>6000</SymbolRate>
		<Modulation>VSB8Cable</Modulation>
		<InnerFecRate>Rate2_3</InnerFecRate>
		<CollectionType>PSIP</CollectionType>
	</Channel>
	<Channel>
		<ChannelNumber>86</ChannelNumber>
		<CarrierFrequency>595250</CarrierFrequency>
		<SymbolRate>6000</SymbolRate>
		<Modulation>VSB8Cable</Modulation>
		<InnerFecRate>Rate2_3</InnerFecRate>
		<CollectionType>PSIP</CollectionType>
	</Channel>
	<Channel>
		<ChannelNumber>87</ChannelNumber>
		<CarrierFrequency>601250</CarrierFrequency>
		<SymbolRate>6000</SymbolRate>
		<Modulation>VSB8Cable</Modulation>
		<InnerFecRate>Rate2_3</InnerFecRate>
		<CollectionType>PSIP</CollectionType>
	</Channel>
	<Channel>
		<ChannelNumber>88</ChannelNumber>
		<CarrierFrequency>607250</CarrierFrequency>
		<SymbolRate>6000</SymbolRate>
		<Modulation>VSB8Cable</Modulation>
		<InnerFecRate>Rate2_3</InnerFecRate>
		<CollectionType>PSIP</CollectionType>
	</Channel>
	<Channel>
		<ChannelNumber>89</ChannelNumber>
		<CarrierFrequency>613250</CarrierFrequency>
		<SymbolRate>6000</SymbolRate>
		<Modulation>VSB8Cable</Modulation>
		<InnerFecRate>Rate2_3</InnerFecRate>
		<CollectionType>PSIP</CollectionType>
	</Channel>
	<Channel>
		<ChannelNumber>90</ChannelNumber>
		<CarrierFrequency>619250</CarrierFrequency>
		<SymbolRate>6000</SymbolRate>
		<Modulation>VSB8Cable</Modulation>
		<InnerFecRate>Rate2_3</InnerFecRate>
		<CollectionType>PSIP</CollectionType>
	</Channel>
	<Channel>
		<ChannelNumber>91</ChannelNumber>
		<CarrierFrequency>625250</CarrierFrequency>
		<SymbolRate>6000</SymbolRate>
		<Modulation>VSB8Cable</Modulation>
		<InnerFecRate>Rate2_3</InnerFecRate>
		<CollectionType>PSIP</CollectionType>
	</Channel>
	<Channel>
		<ChannelNumber>92</ChannelNumber>
		<CarrierFrequency>631250</CarrierFrequency>
		<SymbolRate>6000</SymbolRate>
		<Modulation>VSB8Cable</Modulation>
		<InnerFecRate>Rate2_3</InnerFecRate>
		<CollectionType>PSIP</CollectionType>
	</Channel>
	<Channel>
		<ChannelNumber>93</ChannelNumber>
		<CarrierFrequency>637250</CarrierFrequency>
		<SymbolRate>6000</SymbolRate>
		<Modulation>VSB8Cable</Modulation>
		<InnerFecRate>Rate2_3</InnerFecRate>
		<CollectionType>PSIP</CollectionType>
	</Channel>
	<Channel>
		<ChannelNumber>94</ChannelNumber>
		<CarrierFrequency>643250</CarrierFrequency>
		<SymbolRate>6000</SymbolRate>
		<Modulation>VSB8Cable</Modulation>
		<InnerFecRate>Rate2_3</InnerFecRate>
		<CollectionType>PSIP</CollectionType>
	</Channel>
	<Channel>
		<ChannelNumber>100</ChannelNumber>
		<CarrierFrequency>649250</CarrierFrequency>
		<SymbolRate>6000</SymbolRate>
		<Modulation>VSB8Cable</Modulation>
		<InnerFecRate>Rate2_3</InnerFecRate>
		<CollectionType>PSIP</CollectionType>
	</Channel>
	<Channel>
		<ChannelNumber>101</ChannelNumber>
		<CarrierFrequency>655250</CarrierFrequency>
		<SymbolRate>6000</SymbolRate>
		<Modulation>VSB8Cable</Modulation>
		<InnerFecRate>Rate2_3</InnerFecRate>
		<CollectionType>PSIP</CollectionType>
	</Channel>
	<Channel>
		<ChannelNumber>102</ChannelNumber>
		<CarrierFrequency>661250</CarrierFrequency>
		<SymbolRate>6000</SymbolRate>
		<Modulation>VSB8Cable</Modulation>
		<InnerFecRate>Rate2_3</InnerFecRate>
		<CollectionType>PSIP</CollectionType>
	</Channel>
	<Channel>
		<ChannelNumber>103</ChannelNumber>
		<CarrierFrequency>667250</CarrierFrequency>
		<SymbolRate>6000</SymbolRate>
		<Modulation>VSB8Cable</Modulation>
		<InnerFecRate>Rate2_3</InnerFecRate>
		<CollectionType>PSIP</CollectionType>
	</Channel>
	<Channel>
		<ChannelNumber>104</ChannelNumber>
		<CarrierFrequency>673250</CarrierFrequency>
		<SymbolRate>6000</SymbolRate>
		<Modulation>VSB8Cable</Modulation>
		<InnerFecRate>Rate2_3</InnerFecRate>
		<CollectionType>PSIP</CollectionType>
	</Channel>
	<Channel>
		<ChannelNumber>105</ChannelNumber>
		<CarrierFrequency>679250</CarrierFrequency>
		<SymbolRate>6000</SymbolRate>
		<Modulation>VSB8Cable</Modulation>
		<InnerFecRate>Rate2_3</InnerFecRate>
		<CollectionType>PSIP</CollectionType>
	</Channel>
	<Channel>
		<ChannelNumber>106</ChannelNumber>
		<CarrierFrequency>685250</CarrierFrequency>
		<SymbolRate>6000</SymbolRate>
		<Modulation>VSB8Cable</Modulation>
		<InnerFecRate>Rate2_3</InnerFecRate>
		<CollectionType>PSIP</CollectionType>
	</Channel>
	<Channel>
		<ChannelNumber>107</ChannelNumber>
		<CarrierFrequency>691250</CarrierFrequency>
		<SymbolRate>6000</SymbolRate>
		<Modulation>VSB8Cable</Modulation>
		<InnerFecRate>Rate2_3</InnerFecRate>
		<CollectionType>PSIP</CollectionType>
	</Channel>
	<Channel>
		<ChannelNumber>108</ChannelNumber>
		<CarrierFrequency>697250</CarrierFrequency>
		<SymbolRate>6000</SymbolRate>
		<Modulation>VSB8Cable</Modulation>
		<InnerFecRate>Rate2_3</InnerFecRate>
		<CollectionType>PSIP</CollectionType>
	</Channel>
	<Channel>
		<ChannelNumber>109</ChannelNumber>
		<CarrierFrequency>703250</CarrierFrequency>
		<SymbolRate>6000</SymbolRate>
		<Modulation>VSB8Cable</Modulation>
		<InnerFecRate>Rate2_3</InnerFecRate>
		<CollectionType>PSIP</CollectionType>
	</Channel>
	<Channel>
		<ChannelNumber>110</ChannelNumber>
		<CarrierFrequency>709250</CarrierFrequency>
		<SymbolRate>6000</SymbolRate>
		<Modulation>VSB8Cable</Modulation>
		<InnerFecRate>Rate2_3</InnerFecRate>
		<CollectionType>PSIP</CollectionType>
	</Channel>
	<Channel>
		<ChannelNumber>111</ChannelNumber>
		<CarrierFrequency>715250</CarrierFrequency>
		<SymbolRate>6000</SymbolRate>
		<Modulation>VSB8Cable</Modulation>
		<InnerFecRate>Rate2_3</InnerFecRate>
		<CollectionType>PSIP</CollectionType>
	</Channel>
	<Channel>
		<ChannelNumber>112</ChannelNumber>
		<CarrierFrequency>721250</CarrierFrequency>
		<SymbolRate>6000</SymbolRate>
		<Modulation>VSB8Cable</Modulation>
		<InnerFecRate>Rate2_3</InnerFecRate>
		<CollectionType>PSIP</CollectionType>
	</Channel>
	<Channel>
		<ChannelNumber>113</ChannelNumber>
		<CarrierFrequency>727250</CarrierFrequency>
		<SymbolRate>6000</SymbolRate>
		<Modulation>VSB8Cable</Modulation>
		<InnerFecRate>Rate2_3</InnerFecRate>
		<CollectionType>PSIP</CollectionType>
	</Channel>
	<Channel>
		<ChannelNumber>114</ChannelNumber>
		<CarrierFrequency>733250</CarrierFrequency>
		<SymbolRate>6000</SymbolRate>
		<Modulation>VSB8Cable</Modulation>
		<InnerFecRate>Rate2_3</InnerFecRate>
		<CollectionType>PSIP</CollectionType>
	</Channel>
	<Channel>
		<ChannelNumber>115</ChannelNumber>
		<CarrierFrequency>739250</CarrierFrequency>
		<SymbolRate>6000</SymbolRate>
		<Modulation>VSB8Cable</Modulation>
		<InnerFecRate>Rate2_3</InnerFecRate>
		<CollectionType>PSIP</CollectionType>
	</Channel>
	<Channel>
		<ChannelNumber>116</ChannelNumber>
		<CarrierFrequency>745250</CarrierFrequency>
		<SymbolRate>6000</SymbolRate>
		<Modulation>VSB8Cable</Modulation>
		<InnerFecRate>Rate2_3</InnerFecRate>
		<CollectionType>PSIP</CollectionType>
	</Channel>
	<Channel>
		<ChannelNumber>117</ChannelNumber>
		<CarrierFrequency>751250</CarrierFrequency>
		<SymbolRate>6000</SymbolRate>
		<Modulation>VSB8Cable</Modulation>
		<InnerFecRate>Rate2_3</InnerFecRate>
		<CollectionType>PSIP</CollectionType>
	</Channel>
	<Channel>
		<ChannelNumber>118</ChannelNumber>
		<CarrierFrequency>757250</CarrierFrequency>
		<SymbolRate>6000</SymbolRate>
		<Modulation>VSB8Cable</Modulation>
		<InnerFecRate>Rate2_3</InnerFecRate>
		<CollectionType>PSIP</CollectionType>
	</Channel>
	<Channel>
		<ChannelNumber>119</ChannelNumber>
		<CarrierFrequency>763250</CarrierFrequency>
		<SymbolRate>6000</SymbolRate>
		<Modulation>VSB8Cable</Modulation>
		<InnerFecRate>Rate2_3</InnerFecRate>
		<CollectionType>PSIP</CollectionType>
	</Channel>
	<Channel>
		<ChannelNumber>120</ChannelNumber>
		<CarrierFrequency>769250</CarrierFrequency>
		<SymbolRate>6000</SymbolRate>
		<Modulation>VSB8Cable</Modulation>
		<InnerFecRate>Rate2_3</InnerFecRate>
		<CollectionType>PSIP</CollectionType>
	</Channel>
	<Channel>
		<ChannelNumber>121</ChannelNumber>
		<CarrierFrequency>775250</CarrierFrequency>
		<SymbolRate>6000</SymbolRate>
		<Modulation>VSB8Cable</Modulation>
		<InnerFecRate>Rate2_3</InnerFecRate>
		<CollectionType>PSIP</CollectionType>
	</Channel>
	<Channel>
		<ChannelNumber>122</ChannelNumber>
		<CarrierFrequency>781250</CarrierFrequency>
		<SymbolRate>6000</SymbolRate>
		<Modulation>VSB8Cable</Modulation>
		<InnerFecRate>Rate2_3</InnerFecRate>
		<CollectionType>PSIP</CollectionType>
	</Channel>
	<Channel>
		<ChannelNumber>123</ChannelNumber>
		<CarrierFrequency>787250</CarrierFrequency>
		<SymbolRate>6000</SymbolRate>
		<Modulation>VSB8Cable</Modulation>
		<InnerFecRate>Rate2_3</InnerFecRate>
		<CollectionType>PSIP</CollectionType>
	</Channel>
	<Channel>
		<ChannelNumber>124</ChannelNumber>
		<CarrierFrequency>793250</CarrierFrequency>
		<SymbolRate>6000</SymbolRate>
		<Modulation>VSB8Cable</Modulation>
		<InnerFecRate>Rate2_3</InnerFecRate>
		<CollectionType>PSIP</CollectionType>
	</Channel>
	<Channel>
		<ChannelNumber>125</ChannelNumber>
		<CarrierFrequency>799250</CarrierFrequency>
		<SymbolRate>6000</SymbolRate>
		<Modulation>VSB8Cable</Modulation>
		<InnerFecRate>Rate2_3</InnerFecRate>
		<CollectionType>PSIP</CollectionType>
	</Channel>
	<Channel>
		<ChannelNumber>126</ChannelNumber>
		<CarrierFrequency>805250</CarrierFrequency>
		<SymbolRate>6000</SymbolRate>
		<Modulation>VSB8Cable</Modulation>
		<InnerFecRate>Rate2_3</InnerFecRate>
		<CollectionType>PSIP</CollectionType>
	</Channel>
	<Channel>
		<ChannelNumber>127</ChannelNumber>
		<CarrierFrequency>811250</CarrierFrequency>
		<SymbolRate>6000</SymbolRate>
		<Modulation>VSB8Cable</Modulation>
		<InnerFecRate>Rate2_3</InnerFecRate>
		<CollectionType>PSIP</CollectionType>
	</Channel>
	<Channel>
		<ChannelNumber>128</ChannelNumber>
		<CarrierFrequency>817250</CarrierFrequency>
		<SymbolRate>6000</SymbolRate>
		<Modulation>VSB8Cable</Modulation>
		<InnerFecRate>Rate2_3</InnerFecRate>
		<CollectionType>PSIP</CollectionType>
	</Channel>
	<Channel>
		<ChannelNumber>129</ChannelNumber>
		<CarrierFrequency>823250</CarrierFrequency>
		<SymbolRate>6000</SymbolRate>
		<Modulation>VSB8Cable</Modulation>
		<InnerFecRate>Rate2_3</InnerFecRate>
		<CollectionType>PSIP</CollectionType>
	</Channel>
	<Channel>
		<ChannelNumber>130</ChannelNumber>
		<CarrierFrequency>829250</CarrierFrequency>
		<SymbolRate>6000</SymbolRate>
		<Modulation>VSB8Cable</Modulation>
		<InnerFecRate>Rate2_3</InnerFecRate>
		<CollectionType>PSIP</CollectionType>
	</Channel>
	<Channel>
		<ChannelNumber>131</ChannelNumber>
		<CarrierFrequency>835250</CarrierFrequency>
		<SymbolRate>6000</SymbolRate>
		<Modulation>VSB8Cable</Modulation>
		<InnerFecRate>Rate2_3</InnerFecRate>
		<CollectionType>PSIP</CollectionType>
	</Channel>
	<Channel>
		<ChannelNumber>132</ChannelNumber>
		<CarrierFrequency>841250</CarrierFrequency>
		<SymbolRate>6000</SymbolRate>
		<Modulation>VSB8Cable</Modulation>
		<InnerFecRate>Rate2_3</InnerFecRate>
		<CollectionType>PSIP</CollectionType>
	</Channel>
	<Channel>
		<ChannelNumber>133</ChannelNumber>
		<CarrierFrequency>847250</CarrierFrequency>
		<SymbolRate>6000</SymbolRate>
		<Modulation>VSB8Cable</Modulation>
		<InnerFecRate>Rate2_3</InnerFecRate>
		<CollectionType>PSIP</CollectionType>
	</Channel>
	<Channel>
		<ChannelNumber>134</ChannelNumber>
		<CarrierFrequency>853250</CarrierFrequency>
		<SymbolRate>6000</SymbolRate>
		<Modulation>VSB8Cable</Modulation>
		<InnerFecRate>Rate2_3</InnerFecRate>
		<CollectionType>PSIP</CollectionType>
	</Channel>
	<Channel>
		<ChannelNumber>135</ChannelNumber>
		<CarrierFrequency>859250</CarrierFrequency>
		<SymbolRate>6000</SymbolRate>
		<Modulation>VSB8Cable</Modulation>
		<InnerFecRate>Rate2_3</InnerFecRate>
		<CollectionType>PSIP</CollectionType>
	</Channel>
	<Channel>
		<ChannelNumber>136</ChannelNumber>
		<CarrierFrequency>865250</CarrierFrequency>
		<SymbolRate>6000</SymbolRate>
		<Modulation>VSB8Cable</Modulation>
		<InnerFecRate>Rate2_3</InnerFecRate>
		<CollectionType>PSIP</CollectionType>
	</Channel>
	<Channel>
		<ChannelNumber>137</ChannelNumber>
		<CarrierFrequency>871250</CarrierFrequency>
		<SymbolRate>6000</SymbolRate>
		<Modulation>VSB8Cable</Modulation>
		<InnerFecRate>Rate2_3</InnerFecRate>
		<CollectionType>PSIP</CollectionType>
	</Channel>
	<Channel>
		<ChannelNumber>138</ChannelNumber>
		<CarrierFrequency>877250</CarrierFrequency>
		<SymbolRate>6000</SymbolRate>
		<Modulation>VSB8Cable</Modulation>
		<InnerFecRate>Rate2_3</InnerFecRate>
		<CollectionType>PSIP</CollectionType>
	</Channel>
	<Channel>
		<ChannelNumber>139</ChannelNumber>
		<CarrierFrequency>883250</CarrierFrequency>
		<SymbolRate>6000</SymbolRate>
		<Modulation>VSB8Cable</Modulation>
		<InnerFecRate>Rate2_3</InnerFecRate>
		<CollectionType>PSIP</CollectionType>
	</Channel>
	<Channel>
		<ChannelNumber>140</ChannelNumber>
		<CarrierFrequency>889250</CarrierFrequency>
		<SymbolRate>6000</SymbolRate>
		<Modulation>VSB8Cable</Modulation>
		<InnerFecRate>Rate2_3</InnerFecRate>
		<CollectionType>PSIP</CollectionType>
	</Channel>
	<Channel>
		<ChannelNumber>141</ChannelNumber>
		<CarrierFrequency>895250</CarrierFrequency>
		<SymbolRate>6000</SymbolRate>
		<Modulation>VSB8Cable</Modulation>
		<InnerFecRate>Rate2_3</InnerFecRate>
		<CollectionType>PSIP</CollectionType>
	</Channel>
	<Channel>
		<ChannelNumber>142</ChannelNumber>
		<CarrierFrequency>901250</CarrierFrequency>
		<SymbolRate>6000</SymbolRate>
		<Modulation>VSB8Cable</Modulation>
		<InnerFecRate>Rate2_3</InnerFecRate>
		<CollectionType>PSIP</CollectionType>
	</Channel>
	<Channel>
		<ChannelNumber>143</ChannelNumber>
		<CarrierFrequency>907250</CarrierFrequency>
		<SymbolRate>6000</SymbolRate>
		<Modulation>VSB8Cable</Modulation>
		<InnerFecRate>Rate2_3</InnerFecRate>
		<CollectionType>PSIP</CollectionType>
	</Channel>
	<Channel>
		<ChannelNumber>144</ChannelNumber>
		<CarrierFrequency>913250</CarrierFrequency>
		<SymbolRate>6000</SymbolRate>
		<Modulation>VSB8Cable</Modulation>
		<InnerFecRate>Rate2_3</InnerFecRate>
		<CollectionType>PSIP</CollectionType>
	</Channel>
	<Channel>
		<ChannelNumber>145</ChannelNumber>
		<CarrierFrequency>919250</CarrierFrequency>
		<SymbolRate>6000</SymbolRate>
		<Modulation>VSB8Cable</Modulation>
		<InnerFecRate>Rate2_3</InnerFecRate>
		<CollectionType>PSIP</CollectionType>
	</Channel>
	<Channel>
		<ChannelNumber>146</ChannelNumber>
		<CarrierFrequency>925250</CarrierFrequency>
		<SymbolRate>6000</SymbolRate>
		<Modulation>VSB8Cable</Modulation>
		<InnerFecRate>Rate2_3</InnerFecRate>
		<CollectionType>PSIP</CollectionType>
	</Channel>
	<Channel>
		<ChannelNumber>147</ChannelNumber>
		<CarrierFrequency>931250</CarrierFrequency>
		<SymbolRate>6000</SymbolRate>
		<Modulation>VSB8Cable</Modulation>
		<InnerFecRate>Rate2_3</InnerFecRate>
		<CollectionType>PSIP</CollectionType>
	</Channel>
	<Channel>
		<ChannelNumber>148</ChannelNumber>
		<CarrierFrequency>937250</CarrierFrequency>
		<SymbolRate>6000</SymbolRate>
		<Modulation>VSB8Cable</Modulation>
		<InnerFecRate>Rate2_3</InnerFecRate>
		<CollectionType>PSIP</CollectionType>
	</Channel>
	<Channel>
		<ChannelNumber>149</ChannelNumber>
		<CarrierFrequency>943250</CarrierFrequency>
		<SymbolRate>6000</SymbolRate>
		<Modulation>VSB8Cable</Modulation>
		<InnerFecRate>Rate2_3</InnerFecRate>
		<CollectionType>PSIP</CollectionType>
	</Channel>
	<Channel>
		<ChannelNumber>150</ChannelNumber>
		<CarrierFrequency>949250</CarrierFrequency>
		<SymbolRate>6000</SymbolRate>
		<Modulation>VSB8Cable</Modulation>
		<InnerFecRate>Rate2_3</InnerFecRate>
		<CollectionType>PSIP</CollectionType>
	</Channel>
	<Channel>
		<ChannelNumber>151</ChannelNumber>
		<CarrierFrequency>955250</CarrierFrequency>
		<SymbolRate>6000</SymbolRate>
		<Modulation>VSB8Cable</Modulation>
		<InnerFecRate>Rate2_3</InnerFecRate>
		<CollectionType>PSIP</CollectionType>
	</Channel>
	<Channel>
		<ChannelNumber>152</ChannelNumber>
		<CarrierFrequency>961250</CarrierFrequency>
		<SymbolRate>6000</SymbolRate>
		<Modulation>VSB8Cable</Modulation>
		<InnerFecRate>Rate2_3</InnerFecRate>
		<CollectionType>PSIP</CollectionType>
	</Channel>
	<Channel>
		<ChannelNumber>153</ChannelNumber>
		<CarrierFrequency>967250</CarrierFrequency>
		<SymbolRate>6000</SymbolRate>
		<Modulation>VSB8Cable</Modulation>
		<InnerFecRate>Rate2_3</InnerFecRate>
		<CollectionType>PSIP</CollectionType>
	</Channel>
	<Channel>
		<ChannelNumber>154</ChannelNumber>
		<CarrierFrequency>973250</CarrierFrequency>
		<SymbolRate>6000</SymbolRate>
		<Modulation>VSB8Cable</Modulation>
		<InnerFecRate>Rate2_3</InnerFecRate>
		<CollectionType>PSIP</CollectionType>
	</Channel>
	<Channel>
		<ChannelNumber>155</ChannelNumber>
		<CarrierFrequency>979250</CarrierFrequency>
		<SymbolRate>6000</SymbolRate>
		<Modulation>VSB8Cable</Modulation>
		<InnerFecRate>Rate2_3</InnerFecRate>
		<CollectionType>PSIP</CollectionType>
	</Channel>
	<Channel>
		<ChannelNumber>156</ChannelNumber>
		<CarrierFrequency>985250</CarrierFrequency>
		<SymbolRate>6000</SymbolRate>
		<Modulation>VSB8Cable</Modulation>
		<InnerFecRate>Rate2_3</InnerFecRate>
		<CollectionType>PSIP</CollectionType>
	</Channel>
	<Channel>
		<ChannelNumber>157</ChannelNumber>
		<CarrierFrequency>991250</CarrierFrequency>
		<SymbolRate>6000</SymbolRate>
		<Modulation>VSB8Cable</Modulation>
		<InnerFecRate>Rate2_3</InnerFecRate>
		<CollectionType>PSIP</CollectionType>
	</Channel>
	<Channel>
		<ChannelNumber>158</ChannelNumber>
		<CarrierFrequency>997250</CarrierFrequency>
		<SymbolRate>6000</SymbolRate>
		<Modulation>VSB8Cable</Modulation>
		<InnerFecRate>Rate2_3</InnerFecRate>
		<CollectionType>PSIP</CollectionType>
	</Channel>
</ArrayOfChannel>