<?xml version="1.0" encoding="utf-8"?>
<ArrayOfDVBCTuning xmlns:xsi="http://www.w3.org/2001/XMLSchema-instance" xmlns:xsd="http://www.w3.org/2001/XMLSchema">
  <DVBCTuning>
    <Frequency>402000</Frequency>
    <ModulationType>Mod256Qam</ModulationType>
    <SymbolRate>6900</SymbolRate><CollectionType>EIT</CollectionType>
  </DVBCTuning>
  <DVBCTuning>
    <Frequency>410000</Frequency>
    <ModulationType>Mod256Qam</ModulationType>
    <SymbolRate>6900</SymbolRate><CollectionType>EIT</CollectionType>
  </DVBCTuning>
  <DVBCTuning>
    <Frequency>418000</Frequency>
    <ModulationType>Mod256Qam</ModulationType>
    <SymbolRate>6900</SymbolRate><CollectionType>EIT</CollectionType>
  </DVBCTuning>
  <DVBCTuning>
    <Frequency>426000</Frequency>
    <ModulationType>Mod256Qam</ModulationType>
    <SymbolRate>6900</SymbolRate><CollectionType>EIT</CollectionType>
  </DVBCTuning>
  <DVBCTuning>
    <Frequency>434000</Frequency>
    <ModulationType>Mod256Qam</ModulationType>
    <SymbolRate>6900</SymbolRate><CollectionType>EIT</CollectionType>
  </DVBCTuning>
  <DVBCTuning>
    <Frequency>442000</Frequency>
    <ModulationType>Mod256Qam</ModulationType>
    <SymbolRate>6900</SymbolRate><CollectionType>EIT</CollectionType>
  </DVBCTuning>
  <DVBCTuning>
    <Frequency>450000</Frequency>
    <ModulationType>Mod256Qam</ModulationType>
    <SymbolRate>6900</SymbolRate><CollectionType>EIT</CollectionType>
  </DVBCTuning>
  <DVBCTuning>
    <Frequency>458000</Frequency>
    <ModulationType>Mod256Qam</ModulationType>
    <SymbolRate>6900</SymbolRate><CollectionType>EIT</CollectionType>
  </DVBCTuning>
  <DVBCTuning>
    <Frequency>506000</Frequency>
    <ModulationType>Mod256Qam</ModulationType>
    <SymbolRate>6900</SymbolRate><CollectionType>EIT</CollectionType>
  </DVBCTuning>
  <DVBCTuning>
    <Frequency>514000</Frequency>
    <ModulationType>Mod256Qam</ModulationType>
    <SymbolRate>6900</SymbolRate><CollectionType>EIT</CollectionType>
  </DVBCTuning>
  <DVBCTuning>
    <Frequency>522000</Frequency>
    <ModulationType>Mod256Qam</ModulationType>
    <SymbolRate>6900</SymbolRate><CollectionType>EIT</CollectionType>
  </DVBCTuning>
  <DVBCTuning>
    <Frequency>610000</Frequency>
    <ModulationType>Mod256Qam</ModulationType>
    <SymbolRate>6900</SymbolRate><CollectionType>EIT</CollectionType>
  </DVBCTuning>
  <DVBCTuning>
    <Frequency>618000</Frequency>
    <ModulationType>Mod256Qam</ModulationType>
    <SymbolRate>6900</SymbolRate><CollectionType>EIT</CollectionType>
  </DVBCTuning>
  <DVBCTuning>
    <Frequency>306000</Frequency>
    <ModulationType>Mod64Qam</ModulationType>
    <SymbolRate>6900</SymbolRate><CollectionType>EIT</CollectionType>
  </DVBCTuning>
  <DVBCTuning>
    <Frequency>530000</Frequency>
    <ModulationType>Mod64Qam</ModulationType>
    <SymbolRate>6900</SymbolRate><CollectionType>EIT</CollectionType>
  </DVBCTuning>
  <DVBCTuning>
    <Frequency>546000</Frequency>
    <ModulationType>Mod64Qam</ModulationType>
    <SymbolRate>6900</SymbolRate><CollectionType>EIT</CollectionType>
  </DVBCTuning>
  <DVBCTuning>
    <Frequency>554000</Frequency>
    <ModulationType>Mod64Qam</ModulationType>
    <SymbolRate>6900</SymbolRate><CollectionType>EIT</CollectionType>
  </DVBCTuning>
  <DVBCTuning>
    <Frequency>570000</Frequency>
    <ModulationType>Mod64Qam</ModulationType>
    <SymbolRate>6900</SymbolRate><CollectionType>EIT</CollectionType>
  </DVBCTuning>
  <DVBCTuning>
    <Frequency>578000</Frequency>
    <ModulationType>Mod64Qam</ModulationType>
    <SymbolRate>6900</SymbolRate><CollectionType>EIT</CollectionType>
  </DVBCTuning>
  <DVBCTuning>
    <Frequency>602000</Frequency>
    <ModulationType>Mod256Qam</ModulationType>
    <SymbolRate>6900</SymbolRate><CollectionType>EIT</CollectionType>
  </DVBCTuning>
</ArrayOfDVBCTuning>