<?xml version="1.0" encoding="utf-8"?>
<ArrayOfDVBCTuning xmlns:xsi="http://www.w3.org/2001/XMLSchema-instance" xmlns:xsd="http://www.w3.org/2001/XMLSchema">
 <DVBCTuning>
   <Frequency>123000</Frequency>
   <ModulationType>Mod256Qam</ModulationType>
   <SymbolRate>5217</SymbolRate>
   <CollectionType>EIT</CollectionType>
 </DVBCTuning>
 <DVBCTuning>
   <Frequency>129000</Frequency>
   <ModulationType>Mod256Qam</ModulationType>
   <SymbolRate>5217</SymbolRate>
   <CollectionType>EIT</CollectionType>
 </DVBCTuning>
 <DVBCTuning>
   <Frequency>243000</Frequency>
   <ModulationType>Mod256Qam</ModulationType>
   <SymbolRate>5217</SymbolRate>
 <CollectionType>EIT</CollectionType>
 </DVBCTuning>
 <DVBCTuning>
   <Frequency>249000</Frequency>
   <ModulationType>Mod256Qam</ModulationType>
   <SymbolRate>5217</SymbolRate>
   <CollectionType>EIT</CollectionType>
 </DVBCTuning>
 <DVBCTuning>
   <Frequency>255000</Frequency>
   <ModulationType>Mod256Qam</ModulationType>
   <SymbolRate>5217</SymbolRate>
   <CollectionType>EIT</CollectionType>
 </DVBCTuning>
 <DVBCTuning>
   <Frequency>261000</Frequency>
   <ModulationType>Mod256Qam</ModulationType>
   <SymbolRate>5217</SymbolRate>
 <CollectionType>EIT</CollectionType>
 </DVBCTuning>
 <DVBCTuning>
   <Frequency>273000</Frequency>
   <ModulationType>Mod256Qam</ModulationType>
   <SymbolRate>5217</SymbolRate>
   <CollectionType>EIT</CollectionType>
 </DVBCTuning>
 <DVBCTuning>
   <Frequency>279000</Frequency>
   <ModulationType>Mod256Qam</ModulationType>
   <SymbolRate>5217</SymbolRate>
   <CollectionType>EIT</CollectionType>
 </DVBCTuning>
 <DVBCTuning>
   <Frequency>285000</Frequency>
   <ModulationType>Mod256Qam</ModulationType>
   <SymbolRate>5217</SymbolRate>
   <CollectionType>EIT</CollectionType>
 </DVBCTuning>
 <DVBCTuning>
   <Frequency>291000</Frequency>
   <ModulationType>Mod256Qam</ModulationType>
   <SymbolRate>5217</SymbolRate>
   <CollectionType>EIT</CollectionType>
 </DVBCTuning>
 <DVBCTuning>
   <Frequency>297000</Frequency>
   <ModulationType>Mod256Qam</ModulationType>
   <SymbolRate>5217</SymbolRate>
   <CollectionType>EIT</CollectionType>
 </DVBCTuning>
 <DVBCTuning>
   <Frequency>309000</Frequency>
   <ModulationType>Mod256Qam</ModulationType>
   <SymbolRate>5217</SymbolRate>
   <CollectionType>EIT</CollectionType>
 </DVBCTuning>
 <DVBCTuning>
   <Frequency>315000</Frequency>
   <ModulationType>Mod256Qam</ModulationType>
   <SymbolRate>5217</SymbolRate>
   <CollectionType>EIT</CollectionType>
 </DVBCTuning>
 <DVBCTuning>
   <Frequency>321000</Frequency>
   <ModulationType>Mod256Qam</ModulationType>
   <SymbolRate>5217</SymbolRate>
   <CollectionType>EIT</CollectionType>
 </DVBCTuning>
 <DVBCTuning>
 <Frequency>327000</Frequency>
   <ModulationType>Mod256Qam</ModulationType>
   <SymbolRate>5217</SymbolRate>
   <CollectionType>EIT</CollectionType>
 </DVBCTuning>
 <DVBCTuning>
   <Frequency>357000</Frequency>
   <ModulationType>Mod256Qam</ModulationType>
   <SymbolRate>5217</SymbolRate>
   <CollectionType>EIT</CollectionType>
 </DVBCTuning>
 <DVBCTuning>
   <Frequency>375000</Frequency>
   <ModulationType>Mod256Qam</ModulationType>
   <SymbolRate>5217</SymbolRate>
   <CollectionType>EIT</CollectionType>
 </DVBCTuning>
 <DVBCTuning>
   <Frequency>381000</Frequency>
   <ModulationType>Mod256Qam</ModulationType>
   <SymbolRate>5217</SymbolRate>
   <CollectionType>EIT</CollectionType>
 </DVBCTuning>
 <DVBCTuning>
   <Frequency>387000</Frequency>
   <ModulationType>Mod256Qam</ModulationType>
   <SymbolRate>5217</SymbolRate>
   <CollectionType>EIT</CollectionType>
 </DVBCTuning>
 <DVBCTuning>
   <Frequency>393000</Frequency>
   <ModulationType>Mod256Qam</ModulationType>
   <SymbolRate>5217</SymbolRate>
   <CollectionType>EIT</CollectionType>
 </DVBCTuning>
 <DVBCTuning>
   <Frequency>399000</Frequency>
   <ModulationType>Mod256Qam</ModulationType>
   <SymbolRate>5217</SymbolRate>
   <CollectionType>EIT</CollectionType>
 </DVBCTuning>
 <DVBCTuning>
   <Frequency>405000</Frequency>
   <ModulationType>Mod256Qam</ModulationType>
   <SymbolRate>5217</SymbolRate>
   <CollectionType>EIT</CollectionType>
 </DVBCTuning>
 <DVBCTuning>
   <Frequency>411000</Frequency>
   <ModulationType>Mod256Qam</ModulationType>
   <SymbolRate>5217</SymbolRate>
   <CollectionType>EIT</CollectionType>
 </DVBCTuning>
 <DVBCTuning>
   <Frequency>417000</Frequency>
   <ModulationType>Mod256Qam</ModulationType>
   <SymbolRate>5217</SymbolRate>
   <CollectionType>EIT</CollectionType>
 </DVBCTuning>
 <DVBCTuning>
   <Frequency>423000</Frequency>
   <ModulationType>Mod256Qam</ModulationType>
   <SymbolRate>5217</SymbolRate>
   <CollectionType>EIT</CollectionType>
 </DVBCTuning>
 <DVBCTuning>
   <Frequency>429000</Frequency>
   <ModulationType>Mod256Qam</ModulationType>
   <SymbolRate>5217</SymbolRate>
   <CollectionType>EIT</CollectionType>
 </DVBCTuning>
 <DVBCTuning>
   <Frequency>435000</Frequency>
   <ModulationType>Mod256Qam</ModulationType>
   <SymbolRate>5217</SymbolRate>
   <CollectionType>EIT</CollectionType>
 </DVBCTuning>
 <DVBCTuning>
   <Frequency>441000</Frequency>
   <ModulationType>Mod256Qam</ModulationType>
   <SymbolRate>5217</SymbolRate>
   <CollectionType>EIT</CollectionType>
 </DVBCTuning>
 <DVBCTuning>
   <Frequency>447000</Frequency>
   <ModulationType>Mod256Qam</ModulationType>
   <SymbolRate>5217</SymbolRate>
   <CollectionType>EIT</CollectionType>
 </DVBCTuning>
 <DVBCTuning>
   <Frequency>453000</Frequency>
   <ModulationType>Mod256Qam</ModulationType>
   <SymbolRate>5217</SymbolRate>
   <CollectionType>EIT</CollectionType>
 </DVBCTuning>
 <DVBCTuning>
   <Frequency>459000</Frequency>
   <ModulationType>Mod256Qam</ModulationType>
   <SymbolRate>5217</SymbolRate>
   <CollectionType>EIT</CollectionType>
 </DVBCTuning>
 <DVBCTuning>
   <Frequency>465000</Frequency>
   <ModulationType>Mod256Qam</ModulationType>
   <SymbolRate>5217</SymbolRate>
   <CollectionType>EIT</CollectionType>
 </DVBCTuning>
 <DVBCTuning>
   <Frequency>471000</Frequency>
   <ModulationType>Mod256Qam</ModulationType>
   <SymbolRate>5217</SymbolRate>
   <CollectionType>EIT</CollectionType>
 </DVBCTuning>
 <DVBCTuning>
   <Frequency>477000</Frequency>
   <ModulationType>Mod256Qam</ModulationType>
   <SymbolRate>5217</SymbolRate>
 <CollectionType>EIT</CollectionType>
 </DVBCTuning>
 <DVBCTuning>
   <Frequency>483000</Frequency>
   <ModulationType>Mod256Qam</ModulationType>
   <SymbolRate>5217</SymbolRate>
   <CollectionType>EIT</CollectionType>
 </DVBCTuning>
 <DVBCTuning>
   <Frequency>489000</Frequency>
   <ModulationType>Mod256Qam</ModulationType>
   <SymbolRate>5217</SymbolRate>
   <CollectionType>EIT</CollectionType>
 </DVBCTuning>
 <DVBCTuning>
   <Frequency>495000</Frequency>
   <ModulationType>Mod256Qam</ModulationType>
   <SymbolRate>5217</SymbolRate>
   <CollectionType>EIT</CollectionType>
 </DVBCTuning>
 <DVBCTuning>
   <Frequency>555000</Frequency>
   <ModulationType>Mod256Qam</ModulationType>
   <SymbolRate>5217</SymbolRate>
   <CollectionType>EIT</CollectionType>
 </DVBCTuning>
 <DVBCTuning>
   <Frequency>561000</Frequency>
   <ModulationType>Mod256Qam</ModulationType>
   <SymbolRate>5217</SymbolRate>
   <CollectionType>EIT</CollectionType>
 </DVBCTuning>
 <DVBCTuning>
   <Frequency>567000</Frequency>
   <ModulationType>Mod256Qam</ModulationType>
   <SymbolRate>5217</SymbolRate>
   <CollectionType>EIT</CollectionType>
 </DVBCTuning>
 <DVBCTuning>
   <Frequency>573000</Frequency>
   <ModulationType>Mod256Qam</ModulationType>
   <SymbolRate>5217</SymbolRate>
   <CollectionType>EIT</CollectionType>
 </DVBCTuning>
</ArrayOfDVBCTuning> 
