<ArrayOfDVBCTuning xmlns:xsi="http://www.w3.org/2001/XMLSchema-instance" xmlns:xsd="http://www.w3.org/2001/XMLSchema"> <DVBCTuning> <Frequency>143000</Frequency> <ModulationType>Mod64Qam</ModulationType> <SymbolRate>6875</SymbolRate> <CollectionType>EIT</CollectionType> </DVBCTuning> <DVBCTuning> <Frequency>156000</Frequency> <ModulationType>Mod64Qam</ModulationType> <SymbolRate>6875</SymbolRate> <CollectionType>EIT</CollectionType> </DVBCTuning> <DVBCTuning> <Frequency>222000</Frequency> <ModulationType>Mod64Qam</ModulationType> <SymbolRate>6875</SymbolRate> <CollectionType>EIT</CollectionType> </DVBCTuning> <DVBCTuning> <Frequency>230000</Frequency> <ModulationType>Mod64Qam</ModulationType> <SymbolRate>6875</SymbolRate> <CollectionType>EIT</CollectionType> </DVBCTuning> <DVBCTuning> <Frequency>248000</Frequency> <ModulationType>Mod64Qam</ModulationType> <SymbolRate>6875</SymbolRate> <CollectionType>EIT</CollectionType> </DVBCTuning> <DVBCTuning> <Frequency>370000</Frequency> <ModulationType>Mod64Qam</ModulationType> <SymbolRate>6875</SymbolRate> <CollectionType>EIT</CollectionType> </DVBCTuning> <DVBCTuning> <Frequency>378000</Frequency> <ModulationType>Mod64Qam</ModulationType> <SymbolRate>6875</SymbolRate> <CollectionType>EIT</CollectionType> </DVBCTuning> <DVBCTuning> <Frequency>394000</Frequency> <ModulationType>Mod64Qam</ModulationType> <SymbolRate>6875</SymbolRate> <CollectionType>EIT</CollectionType> </DVBCTuning> <DVBCTuning> <Frequency>402000</Frequency> <ModulationType>Mod64Qam</ModulationType> <SymbolRate>6875</SymbolRate> <CollectionType>EIT</CollectionType> </DVBCTuning> <DVBCTuning> <Frequency>418000</Frequency> <ModulationType>Mod64Qam</ModulationType> <SymbolRate>6875</SymbolRate> <CollectionType>EIT</CollectionType> </DVBCTuning> <DVBCTuning> <Frequency>426000</Frequency> <ModulationType>Mod64Qam</ModulationType> <SymbolRate>6875</SymbolRate> <CollectionType>EIT</CollectionType> </DVBCTuning> <DVBCTuning> <Frequency>442000</Frequency> <ModulationType>Mod64Qam</ModulationType> <SymbolRate>6875</SymbolRate> <CollectionType>EIT</CollectionType> </DVBCTuning> <DVBCTuning> <Frequency>450000</Frequency> <ModulationType>Mod64Qam</ModulationType> <SymbolRate>6875</SymbolRate> <CollectionType>EIT</CollectionType> </DVBCTuning> <DVBCTuning> <Frequency>482000</Frequency> <ModulationType>Mod64Qam</ModulationType> <SymbolRate>6875</SymbolRate> <CollectionType>EIT</CollectionType> </DVBCTuning> <DVBCTuning> <Frequency>490000</Frequency> <ModulationType>Mod64Qam</ModulationType> <SymbolRate>6875</SymbolRate> <CollectionType>EIT</CollectionType> </DVBCTuning> <DVBCTuning> <Frequency>498000</Frequency> <ModulationType>Mod64Qam</ModulationType> <SymbolRate>6875</SymbolRate> <CollectionType>EIT</CollectionType> </DVBCTuning> <DVBCTuning> <Frequency>506000</Frequency> <ModulationType>Mod64Qam</ModulationType> <SymbolRate>6875</SymbolRate> <CollectionType>EIT</CollectionType> </DVBCTuning> <DVBCTuning> <Frequency>514000</Frequency> <ModulationType>Mod64Qam</ModulationType> <SymbolRate>6875</SymbolRate> <CollectionType>EIT</CollectionType> </DVBCTuning> <DVBCTuning> <Frequency>522000</Frequency> <ModulationType>Mod64Qam</ModulationType> <SymbolRate>6875</SymbolRate> <CollectionType>EIT</CollectionType> </DVBCTuning> <DVBCTuning> <Frequency>530000</Frequency> <ModulationType>Mod64Qam</ModulationType> <SymbolRate>6875</SymbolRate> <CollectionType>EIT</CollectionType> </DVBCTuning> <DVBCTuning> <Frequency>538000</Frequency> <ModulationType>Mod64Qam</ModulationType> <SymbolRate>6875</SymbolRate> <CollectionType>EIT</CollectionType> </DVBCTuning> <DVBCTuning> <Frequency>546000</Frequency> <ModulationType>Mod64Qam</ModulationType> <SymbolRate>6875</SymbolRate> <CollectionType>EIT</CollectionType> </DVBCTuning> <DVBCTuning> <Frequency>554000</Frequency> <ModulationType>Mod64Qam</ModulationType> <SymbolRate>6875</SymbolRate> <CollectionType>EIT</CollectionType> </DVBCTuning> <DVBCTuning> <Frequency>562000</Frequency> <ModulationType>Mod64Qam</ModulationType> <SymbolRate>6875</SymbolRate> <CollectionType>EIT</CollectionType> </DVBCTuning> <DVBCTuning> <Frequency>570000</Frequency> <ModulationType>Mod64Qam</ModulationType> <SymbolRate>6875</SymbolRate> <CollectionType>EIT</CollectionType> </DVBCTuning> <DVBCTuning> <Frequency>578000</Frequency> <ModulationType>Mod64Qam</ModulationType> <SymbolRate>6875</SymbolRate> <CollectionType>EIT</CollectionType> </DVBCTuning> <DVBCTuning> <Frequency>586000</Frequency> <ModulationType>Mod64Qam</ModulationType> <SymbolRate>6875</SymbolRate> <CollectionType>EIT</CollectionType> </DVBCTuning> <DVBCTuning> <Frequency>594000</Frequency> <ModulationType>Mod64Qam</ModulationType> <SymbolRate>6875</SymbolRate> <CollectionType>EIT</CollectionType> </DVBCTuning> <DVBCTuning> <Frequency>602000</Frequency> <ModulationType>Mod64Qam</ModulationType> <SymbolRate>6875</SymbolRate> <CollectionType>EIT</CollectionType> </DVBCTuning> <DVBCTuning> <Frequency>610000</Frequency> <ModulationType>Mod64Qam</ModulationType> <SymbolRate>6875</SymbolRate> <CollectionType>EIT</CollectionType> </DVBCTuning> <DVBCTuning> <Frequency>618000</Frequency> <ModulationType>Mod64Qam</ModulationType> <SymbolRate>6875</SymbolRate> <CollectionType>EIT</CollectionType> </DVBCTuning> <DVBCTuning> <Frequency>626000</Frequency> <ModulationType>Mod64Qam</ModulationType> <SymbolRate>6875</SymbolRate> <CollectionType>EIT</CollectionType> </DVBCTuning> <DVBCTuning> <Frequency>674000</Frequency> <ModulationType>Mod64Qam</ModulationType> <SymbolRate>6875</SymbolRate> <CollectionType>EIT</CollectionType> </DVBCTuning> <DVBCTuning> <Frequency>714000</Frequency> <ModulationType>Mod64Qam</ModulationType> <SymbolRate>6875</SymbolRate> <CollectionType>EIT</CollectionType> </DVBCTuning> <DVBCTuning> <Frequency>730000</Frequency> <ModulationType>Mod64Qam</ModulationType> <SymbolRate>6875</SymbolRate> <CollectionType>EIT</CollectionType> </DVBCTuning> <DVBCTuning> <Frequency>770000</Frequency> <ModulationType>Mod64Qam</ModulationType> <SymbolRate>6875</SymbolRate> <CollectionType>EIT</CollectionType> </DVBCTuning> <DVBCTuning> <Frequency>786000</Frequency> <ModulationType>Mod64Qam</ModulationType> <SymbolRate>6875</SymbolRate> <CollectionType>EIT</CollectionType> </DVBCTuning> <DVBCTuning> <Frequency>794000</Frequency> <ModulationType>Mod64Qam</ModulationType> <SymbolRate>6875</SymbolRate> <CollectionType>EIT</CollectionType> </DVBCTuning> <DVBCTuning> <Frequency>858000</Frequency> <ModulationType>Mod64Qam</ModulationType> <SymbolRate>6875</SymbolRate> <CollectionType>EIT</CollectionType> </DVBCTuning> </ArrayOfDVBCTuning> 