<?xml version="1.0" encoding="utf-8"?>
<ArrayOfDVBCTuning xmlns:xsi="http://www.w3.org/2001/XMLSchema-instance" xmlns:xsd="http://www.w3.org/2001/XMLSchema">
  <DVBCTuning>
    <Frequency>113000</Frequency>
    <ModulationType>Mod64Qam</ModulationType>
    <SymbolRate>6900</SymbolRate><CollectionType>EIT</CollectionType>
  </DVBCTuning>
  <DVBCTuning>
    <Frequency>121000</Frequency>
    <ModulationType>Mod64Qam</ModulationType>
    <SymbolRate>6900</SymbolRate><CollectionType>EIT</CollectionType>
  </DVBCTuning>
  <DVBCTuning>
    <Frequency>346000</Frequency>
    <ModulationType>Mod256Qam</ModulationType>
    <SymbolRate>6900</SymbolRate><CollectionType>EIT</CollectionType>
  </DVBCTuning>
  <DVBCTuning>
    <Frequency>354000</Frequency>
    <ModulationType>Mod256Qam</ModulationType>
    <SymbolRate>6900</SymbolRate><CollectionType>EIT</CollectionType>
  </DVBCTuning>
  <DVBCTuning>
    <Frequency>362000</Frequency>
    <ModulationType>Mod256Qam</ModulationType>
    <SymbolRate>6900</SymbolRate><CollectionType>EIT</CollectionType>
  </DVBCTuning>
  <DVBCTuning>
    <Frequency>370000</Frequency>
    <ModulationType>Mod256Qam</ModulationType>
    <SymbolRate>6900</SymbolRate><CollectionType>EIT</CollectionType>
  </DVBCTuning>
  <DVBCTuning>
    <Frequency>378000</Frequency>
    <ModulationType>Mod256Qam</ModulationType>
    <SymbolRate>6900</SymbolRate><CollectionType>EIT</CollectionType>
  </DVBCTuning>
  <DVBCTuning>
    <Frequency>386000</Frequency>
    <ModulationType>Mod256Qam</ModulationType>
    <SymbolRate>6900</SymbolRate><CollectionType>EIT</CollectionType>
  </DVBCTuning>
  <DVBCTuning>
    <Frequency>394000</Frequency>
    <ModulationType>Mod256Qam</ModulationType>
    <SymbolRate>6900</SymbolRate><CollectionType>EIT</CollectionType>
  </DVBCTuning>
  <DVBCTuning>
    <Frequency>402000</Frequency>
    <ModulationType>Mod256Qam</ModulationType>
    <SymbolRate>6900</SymbolRate><CollectionType>EIT</CollectionType>
  </DVBCTuning>
  <DVBCTuning>
    <Frequency>410000</Frequency>
    <ModulationType>Mod256Qam</ModulationType>
    <SymbolRate>6900</SymbolRate><CollectionType>EIT</CollectionType>
  </DVBCTuning>
  <DVBCTuning>
    <Frequency>418000</Frequency>
    <ModulationType>Mod256Qam</ModulationType>
    <SymbolRate>6900</SymbolRate><CollectionType>EIT</CollectionType>
  </DVBCTuning>
  <DVBCTuning>
    <Frequency>426000</Frequency>
    <ModulationType>Mod256Qam</ModulationType>
    <SymbolRate>6900</SymbolRate><CollectionType>EIT</CollectionType>
  </DVBCTuning>
  <DVBCTuning>
    <Frequency>434000</Frequency>
    <ModulationType>Mod256Qam</ModulationType>
    <SymbolRate>6900</SymbolRate><CollectionType>EIT</CollectionType>
  </DVBCTuning>
  <DVBCTuning>
    <Frequency>442000</Frequency>
    <ModulationType>Mod256Qam</ModulationType>
    <SymbolRate>6900</SymbolRate><CollectionType>EIT</CollectionType>
  </DVBCTuning>
  <DVBCTuning>
    <Frequency>450000</Frequency>
    <ModulationType>Mod256Qam</ModulationType>
    <SymbolRate>6900</SymbolRate><CollectionType>EIT</CollectionType>
  </DVBCTuning>
  <DVBCTuning>
    <Frequency>458000</Frequency>
    <ModulationType>Mod256Qam</ModulationType>
    <SymbolRate>6900</SymbolRate><CollectionType>EIT</CollectionType>
  </DVBCTuning>
  <DVBCTuning>
    <Frequency>466000</Frequency>
    <ModulationType>Mod256Qam</ModulationType>
    <SymbolRate>6900</SymbolRate><CollectionType>EIT</CollectionType>
  </DVBCTuning>
  <DVBCTuning>
    <Frequency>634000</Frequency>
    <ModulationType>Mod256Qam</ModulationType>
    <SymbolRate>6900</SymbolRate><CollectionType>EIT</CollectionType>
  </DVBCTuning>
  <DVBCTuning>
    <Frequency>642000</Frequency>
    <ModulationType>Mod256Qam</ModulationType>
    <SymbolRate>6900</SymbolRate><CollectionType>EIT</CollectionType>
  </DVBCTuning>
  <DVBCTuning>
    <Frequency>650000</Frequency>
    <ModulationType>Mod256Qam</ModulationType>
    <SymbolRate>6900</SymbolRate><CollectionType>EIT</CollectionType>
  </DVBCTuning>
  <DVBCTuning>
    <Frequency>658000</Frequency>
    <ModulationType>Mod256Qam</ModulationType>
    <SymbolRate>6900</SymbolRate><CollectionType>EIT</CollectionType>
  </DVBCTuning>
  <DVBCTuning>
    <Frequency>666000</Frequency>
    <ModulationType>Mod256Qam</ModulationType>
    <SymbolRate>6900</SymbolRate><CollectionType>EIT</CollectionType>
  </DVBCTuning>
  <DVBCTuning>
    <Frequency>682000</Frequency>
    <ModulationType>Mod256Qam</ModulationType>
    <SymbolRate>6900</SymbolRate><CollectionType>EIT</CollectionType>
  </DVBCTuning>
  <DVBCTuning>
    <Frequency>690000</Frequency>
    <ModulationType>Mod256Qam</ModulationType>
    <SymbolRate>6900</SymbolRate><CollectionType>EIT</CollectionType>
  </DVBCTuning>
  <DVBCTuning>
    <Frequency>698000</Frequency>
    <ModulationType>Mod64Qam</ModulationType>
    <SymbolRate>6900</SymbolRate><CollectionType>EIT</CollectionType>
  </DVBCTuning>
  <DVBCTuning>
    <Frequency>706000</Frequency>
    <ModulationType>Mod64Qam</ModulationType>
    <SymbolRate>6900</SymbolRate><CollectionType>EIT</CollectionType>
  </DVBCTuning>
  <DVBCTuning>
    <Frequency>714000</Frequency>
    <ModulationType>Mod64Qam</ModulationType>
    <SymbolRate>6900</SymbolRate><CollectionType>EIT</CollectionType>
  </DVBCTuning>
  <DVBCTuning>
    <Frequency>722000</Frequency>
    <ModulationType>Mod64Qam</ModulationType>
    <SymbolRate>6900</SymbolRate><CollectionType>EIT</CollectionType>
  </DVBCTuning>
  <DVBCTuning>
    <Frequency>730000</Frequency>
    <ModulationType>Mod64Qam</ModulationType>
    <SymbolRate>6900</SymbolRate><CollectionType>EIT</CollectionType>
  </DVBCTuning>
  <DVBCTuning>
    <Frequency>738000</Frequency>
    <ModulationType>Mod64Qam</ModulationType>
    <SymbolRate>6900</SymbolRate><CollectionType>EIT</CollectionType>
  </DVBCTuning>
  <DVBCTuning>
    <Frequency>746000</Frequency>
    <ModulationType>Mod64Qam</ModulationType>
    <SymbolRate>6900</SymbolRate><CollectionType>EIT</CollectionType>
  </DVBCTuning>
  <DVBCTuning>
    <Frequency>754000</Frequency>
    <ModulationType>Mod64Qam</ModulationType>
    <SymbolRate>6900</SymbolRate><CollectionType>EIT</CollectionType>
  </DVBCTuning>
  <DVBCTuning>
    <Frequency>762000</Frequency>
    <ModulationType>Mod64Qam</ModulationType>
    <SymbolRate>6900</SymbolRate><CollectionType>EIT</CollectionType>
  </DVBCTuning>
  <DVBCTuning>
    <Frequency>770000</Frequency>
    <ModulationType>Mod64Qam</ModulationType>
    <SymbolRate>6900</SymbolRate><CollectionType>EIT</CollectionType>
  </DVBCTuning>
  <DVBCTuning>
    <Frequency>778000</Frequency>
    <ModulationType>Mod64Qam</ModulationType>
    <SymbolRate>6900</SymbolRate><CollectionType>EIT</CollectionType>
  </DVBCTuning>
  <DVBCTuning>
    <Frequency>786000</Frequency>
    <ModulationType>Mod64Qam</ModulationType>
    <SymbolRate>6900</SymbolRate><CollectionType>EIT</CollectionType>
  </DVBCTuning>
  <DVBCTuning>
    <Frequency>794000</Frequency>
    <ModulationType>Mod64Qam</ModulationType>
    <SymbolRate>6900</SymbolRate><CollectionType>EIT</CollectionType>
  </DVBCTuning>
  <DVBCTuning>
    <Frequency>802000</Frequency>
    <ModulationType>Mod64Qam</ModulationType>
    <SymbolRate>6900</SymbolRate><CollectionType>EIT</CollectionType>
  </DVBCTuning>
</ArrayOfDVBCTuning>