<?xml version="1.0" encoding="utf-8"?>
<ArrayOfDVBCTuning xmlns:xsi="http://www.w3.org/2001/XMLSchema-instance" xmlns:xsd="http://www.w3.org/2001/XMLSchema">
  <DVBCTuning>
    <Frequency>50500</Frequency>
    <ModulationType>Mod64Qam</ModulationType>
    <SymbolRate>6952</SymbolRate><CollectionType>EIT</CollectionType>
  </DVBCTuning>
  <DVBCTuning>
    <Frequency>57500</Frequency>
    <ModulationType>Mod64Qam</ModulationType>
    <SymbolRate>6952</SymbolRate><CollectionType>EIT</CollectionType>
  </DVBCTuning>
  <DVBCTuning>
    <Frequency>64500</Frequency>
    <ModulationType>Mod64Qam</ModulationType>
    <SymbolRate>6952</SymbolRate><CollectionType>EIT</CollectionType>
  </DVBCTuning>
  <DVBCTuning>
    <Frequency>71500</Frequency>
    <ModulationType>Mod64Qam</ModulationType>
    <SymbolRate>6952</SymbolRate><CollectionType>EIT</CollectionType>
  </DVBCTuning>
  <DVBCTuning>
    <Frequency>78500</Frequency>
    <ModulationType>Mod64Qam</ModulationType>
    <SymbolRate>6952</SymbolRate><CollectionType>EIT</CollectionType>
  </DVBCTuning>
  <DVBCTuning>
    <Frequency>85500</Frequency>
    <ModulationType>Mod64Qam</ModulationType>
    <SymbolRate>6952</SymbolRate><CollectionType>EIT</CollectionType>
  </DVBCTuning>
  <DVBCTuning>
    <Frequency>92500</Frequency>
    <ModulationType>Mod64Qam</ModulationType>
    <SymbolRate>6952</SymbolRate><CollectionType>EIT</CollectionType>
  </DVBCTuning>
  <DVBCTuning>
    <Frequency>99500</Frequency>
    <ModulationType>Mod64Qam</ModulationType>
    <SymbolRate>6952</SymbolRate><CollectionType>EIT</CollectionType>
  </DVBCTuning>
  <DVBCTuning>
    <Frequency>107500</Frequency>
    <ModulationType>Mod64Qam</ModulationType>
    <SymbolRate>6952</SymbolRate><CollectionType>EIT</CollectionType>
  </DVBCTuning>
  <DVBCTuning>
    <Frequency>114500</Frequency>
    <ModulationType>Mod64Qam</ModulationType>
    <SymbolRate>6952</SymbolRate><CollectionType>EIT</CollectionType>
  </DVBCTuning>
  <DVBCTuning>
    <Frequency>121500</Frequency>
    <ModulationType>Mod64Qam</ModulationType>
    <SymbolRate>6952</SymbolRate><CollectionType>EIT</CollectionType>
  </DVBCTuning>
  <DVBCTuning>
    <Frequency>128500</Frequency>
    <ModulationType>Mod64Qam</ModulationType>
    <SymbolRate>6952</SymbolRate><CollectionType>EIT</CollectionType>
  </DVBCTuning>
  <DVBCTuning>
    <Frequency>135500</Frequency>
    <ModulationType>Mod64Qam</ModulationType>
    <SymbolRate>6952</SymbolRate><CollectionType>EIT</CollectionType>
  </DVBCTuning>
  <DVBCTuning>
    <Frequency>142500</Frequency>
    <ModulationType>Mod64Qam</ModulationType>
    <SymbolRate>6952</SymbolRate><CollectionType>EIT</CollectionType>
  </DVBCTuning>
  <DVBCTuning>
    <Frequency>149500</Frequency>
    <ModulationType>Mod64Qam</ModulationType>
    <SymbolRate>6952</SymbolRate><CollectionType>EIT</CollectionType>
  </DVBCTuning>
  <DVBCTuning>
    <Frequency>156500</Frequency>
    <ModulationType>Mod64Qam</ModulationType>
    <SymbolRate>6952</SymbolRate><CollectionType>EIT</CollectionType>
  </DVBCTuning>
  <DVBCTuning>
    <Frequency>163500</Frequency>
    <ModulationType>Mod64Qam</ModulationType>
    <SymbolRate>6952</SymbolRate><CollectionType>EIT</CollectionType>
  </DVBCTuning>
  <DVBCTuning>
    <Frequency>170500</Frequency>
    <ModulationType>Mod64Qam</ModulationType>
    <SymbolRate>6952</SymbolRate><CollectionType>EIT</CollectionType>
  </DVBCTuning>
  <DVBCTuning>
    <Frequency>177500</Frequency>
    <ModulationType>Mod64Qam</ModulationType>
    <SymbolRate>6952</SymbolRate><CollectionType>EIT</CollectionType>
  </DVBCTuning>
  <DVBCTuning>
    <Frequency>184500</Frequency>
    <ModulationType>Mod64Qam</ModulationType>
    <SymbolRate>6952</SymbolRate><CollectionType>EIT</CollectionType>
  </DVBCTuning>
  <DVBCTuning>
    <Frequency>191500</Frequency>
    <ModulationType>Mod64Qam</ModulationType>
    <SymbolRate>6952</SymbolRate><CollectionType>EIT</CollectionType>
  </DVBCTuning>
  <DVBCTuning>
    <Frequency>198500</Frequency>
    <ModulationType>Mod64Qam</ModulationType>
    <SymbolRate>6952</SymbolRate><CollectionType>EIT</CollectionType>
  </DVBCTuning>
  <DVBCTuning>
    <Frequency>205500</Frequency>
    <ModulationType>Mod64Qam</ModulationType>
    <SymbolRate>6952</SymbolRate><CollectionType>EIT</CollectionType>
  </DVBCTuning>
  <DVBCTuning>
    <Frequency>212500</Frequency>
    <ModulationType>Mod64Qam</ModulationType>
    <SymbolRate>6952</SymbolRate><CollectionType>EIT</CollectionType>
  </DVBCTuning>
  <DVBCTuning>
    <Frequency>219500</Frequency>
    <ModulationType>Mod64Qam</ModulationType>
    <SymbolRate>6952</SymbolRate><CollectionType>EIT</CollectionType>
  </DVBCTuning>
  <DVBCTuning>
    <Frequency>226500</Frequency>
    <ModulationType>Mod64Qam</ModulationType>
    <SymbolRate>6952</SymbolRate><CollectionType>EIT</CollectionType>
  </DVBCTuning>
  <DVBCTuning>
    <Frequency>233500</Frequency>
    <ModulationType>Mod64Qam</ModulationType>
    <SymbolRate>6952</SymbolRate><CollectionType>EIT</CollectionType>
  </DVBCTuning>
  <DVBCTuning>
    <Frequency>240500</Frequency>
    <ModulationType>Mod64Qam</ModulationType>
    <SymbolRate>6952</SymbolRate><CollectionType>EIT</CollectionType>
  </DVBCTuning>
  <DVBCTuning>
    <Frequency>247500</Frequency>
    <ModulationType>Mod64Qam</ModulationType>
    <SymbolRate>6952</SymbolRate><CollectionType>EIT</CollectionType>
  </DVBCTuning>
  <DVBCTuning>
    <Frequency>254500</Frequency>
    <ModulationType>Mod64Qam</ModulationType>
    <SymbolRate>6952</SymbolRate><CollectionType>EIT</CollectionType>
  </DVBCTuning>
  <DVBCTuning>
    <Frequency>261500</Frequency>
    <ModulationType>Mod64Qam</ModulationType>
    <SymbolRate>6952</SymbolRate><CollectionType>EIT</CollectionType>
  </DVBCTuning>
  <DVBCTuning>
    <Frequency>268500</Frequency>
    <ModulationType>Mod64Qam</ModulationType>
    <SymbolRate>6952</SymbolRate><CollectionType>EIT</CollectionType>
  </DVBCTuning>
  <DVBCTuning>
    <Frequency>275500</Frequency>
    <ModulationType>Mod64Qam</ModulationType>
    <SymbolRate>6952</SymbolRate><CollectionType>EIT</CollectionType>
  </DVBCTuning>
  <DVBCTuning>
    <Frequency>282500</Frequency>
    <ModulationType>Mod64Qam</ModulationType>
    <SymbolRate>6952</SymbolRate><CollectionType>EIT</CollectionType>
  </DVBCTuning>
  <DVBCTuning>
    <Frequency>289500</Frequency>
    <ModulationType>Mod64Qam</ModulationType>
    <SymbolRate>6952</SymbolRate><CollectionType>EIT</CollectionType>
  </DVBCTuning>
  <DVBCTuning>
    <Frequency>296500</Frequency>
    <ModulationType>Mod64Qam</ModulationType>
    <SymbolRate>6952</SymbolRate><CollectionType>EIT</CollectionType>
  </DVBCTuning>
  <DVBCTuning>
    <Frequency>306000</Frequency>
    <ModulationType>Mod64Qam</ModulationType>
    <SymbolRate>6952</SymbolRate><CollectionType>EIT</CollectionType>
  </DVBCTuning>
  <DVBCTuning>
    <Frequency>314000</Frequency>
    <ModulationType>Mod64Qam</ModulationType>
    <SymbolRate>6952</SymbolRate><CollectionType>EIT</CollectionType>
  </DVBCTuning>
  <DVBCTuning>
    <Frequency>322000</Frequency>
    <ModulationType>Mod64Qam</ModulationType>
    <SymbolRate>6952</SymbolRate><CollectionType>EIT</CollectionType>
  </DVBCTuning>
  <DVBCTuning>
    <Frequency>330000</Frequency>
    <ModulationType>Mod64Qam</ModulationType>
    <SymbolRate>6952</SymbolRate><CollectionType>EIT</CollectionType>
  </DVBCTuning>
  <DVBCTuning>
    <Frequency>338000</Frequency>
    <ModulationType>Mod64Qam</ModulationType>
    <SymbolRate>6952</SymbolRate><CollectionType>EIT</CollectionType>
  </DVBCTuning>
  <DVBCTuning>
    <Frequency>340000</Frequency>
    <ModulationType>Mod64Qam</ModulationType>
    <SymbolRate>6952</SymbolRate><CollectionType>EIT</CollectionType>
  </DVBCTuning>
  <DVBCTuning>
    <Frequency>346000</Frequency>
    <ModulationType>Mod64Qam</ModulationType>
    <SymbolRate>6952</SymbolRate><CollectionType>EIT</CollectionType>
  </DVBCTuning>
  <DVBCTuning>
    <Frequency>348000</Frequency>
    <ModulationType>Mod64Qam</ModulationType>
    <SymbolRate>6952</SymbolRate><CollectionType>EIT</CollectionType>
  </DVBCTuning>
  <DVBCTuning>
    <Frequency>354000</Frequency>
    <ModulationType>Mod64Qam</ModulationType>
    <SymbolRate>6952</SymbolRate><CollectionType>EIT</CollectionType>
  </DVBCTuning>
  <DVBCTuning>
    <Frequency>362000</Frequency>
    <ModulationType>Mod64Qam</ModulationType>
    <SymbolRate>6952</SymbolRate><CollectionType>EIT</CollectionType>
  </DVBCTuning>
  <DVBCTuning>
    <Frequency>364000</Frequency>
    <ModulationType>Mod64Qam</ModulationType>
    <SymbolRate>6952</SymbolRate><CollectionType>EIT</CollectionType>
  </DVBCTuning>
  <DVBCTuning>
    <Frequency>370000</Frequency>
    <ModulationType>Mod64Qam</ModulationType>
    <SymbolRate>6952</SymbolRate><CollectionType>EIT</CollectionType>
  </DVBCTuning>
  <DVBCTuning>
    <Frequency>372000</Frequency>
    <ModulationType>Mod64Qam</ModulationType>
    <SymbolRate>6952</SymbolRate><CollectionType>EIT</CollectionType>
  </DVBCTuning>
  <DVBCTuning>
    <Frequency>378000</Frequency>
    <ModulationType>Mod64Qam</ModulationType>
    <SymbolRate>6952</SymbolRate><CollectionType>EIT</CollectionType>
  </DVBCTuning>
  <DVBCTuning>
    <Frequency>380000</Frequency>
    <ModulationType>Mod64Qam</ModulationType>
    <SymbolRate>6952</SymbolRate><CollectionType>EIT</CollectionType>
  </DVBCTuning>
  <DVBCTuning>
    <Frequency>386000</Frequency>
    <ModulationType>Mod64Qam</ModulationType>
    <SymbolRate>6952</SymbolRate><CollectionType>EIT</CollectionType>
  </DVBCTuning>
  <DVBCTuning>
    <Frequency>388000</Frequency>
    <ModulationType>Mod64Qam</ModulationType>
    <SymbolRate>6952</SymbolRate><CollectionType>EIT</CollectionType>
  </DVBCTuning>
  <DVBCTuning>
    <Frequency>394000</Frequency>
    <ModulationType>Mod64Qam</ModulationType>
    <SymbolRate>6952</SymbolRate><CollectionType>EIT</CollectionType>
  </DVBCTuning>
  <DVBCTuning>
    <Frequency>396000</Frequency>
    <ModulationType>Mod64Qam</ModulationType>
    <SymbolRate>6952</SymbolRate><CollectionType>EIT</CollectionType>
  </DVBCTuning>
  <DVBCTuning>
    <Frequency>402000</Frequency>
    <ModulationType>Mod64Qam</ModulationType>
    <SymbolRate>6952</SymbolRate><CollectionType>EIT</CollectionType>
  </DVBCTuning>
  <DVBCTuning>
    <Frequency>404000</Frequency>
    <ModulationType>Mod64Qam</ModulationType>
    <SymbolRate>6952</SymbolRate><CollectionType>EIT</CollectionType>
  </DVBCTuning>
  <DVBCTuning>
    <Frequency>410000</Frequency>
    <ModulationType>Mod64Qam</ModulationType>
    <SymbolRate>6952</SymbolRate><CollectionType>EIT</CollectionType>
  </DVBCTuning>
  <DVBCTuning>
    <Frequency>412000</Frequency>
    <ModulationType>Mod64Qam</ModulationType>
    <SymbolRate>6952</SymbolRate><CollectionType>EIT</CollectionType>
  </DVBCTuning>
  <DVBCTuning>
    <Frequency>418000</Frequency>
    <ModulationType>Mod64Qam</ModulationType>
    <SymbolRate>6952</SymbolRate><CollectionType>EIT</CollectionType>
  </DVBCTuning>
  <DVBCTuning>
    <Frequency>420000</Frequency>
    <ModulationType>Mod64Qam</ModulationType>
    <SymbolRate>6952</SymbolRate><CollectionType>EIT</CollectionType>
  </DVBCTuning>
  <DVBCTuning>
    <Frequency>426000</Frequency>
    <ModulationType>Mod64Qam</ModulationType>
    <SymbolRate>6952</SymbolRate><CollectionType>EIT</CollectionType>
  </DVBCTuning>
  <DVBCTuning>
    <Frequency>428000</Frequency>
    <ModulationType>Mod64Qam</ModulationType>
    <SymbolRate>6952</SymbolRate><CollectionType>EIT</CollectionType>
  </DVBCTuning>
  <DVBCTuning>
    <Frequency>434000</Frequency>
    <ModulationType>Mod64Qam</ModulationType>
    <SymbolRate>6952</SymbolRate><CollectionType>EIT</CollectionType>
  </DVBCTuning>
  <DVBCTuning>
    <Frequency>442000</Frequency>
    <ModulationType>Mod64Qam</ModulationType>
    <SymbolRate>6952</SymbolRate><CollectionType>EIT</CollectionType>
  </DVBCTuning>
  <DVBCTuning>
    <Frequency>450000</Frequency>
    <ModulationType>Mod64Qam</ModulationType>
    <SymbolRate>6952</SymbolRate><CollectionType>EIT</CollectionType>
  </DVBCTuning>
  <DVBCTuning>
    <Frequency>458000</Frequency>
    <ModulationType>Mod64Qam</ModulationType>
    <SymbolRate>6952</SymbolRate><CollectionType>EIT</CollectionType>
  </DVBCTuning>
  <DVBCTuning>
    <Frequency>466000</Frequency>
    <ModulationType>Mod64Qam</ModulationType>
    <SymbolRate>6952</SymbolRate><CollectionType>EIT</CollectionType>
  </DVBCTuning>
  <DVBCTuning>
    <Frequency>474000</Frequency>
    <ModulationType>Mod64Qam</ModulationType>
    <SymbolRate>6952</SymbolRate><CollectionType>EIT</CollectionType>
  </DVBCTuning>
  <DVBCTuning>
    <Frequency>482000</Frequency>
    <ModulationType>Mod64Qam</ModulationType>
    <SymbolRate>6952</SymbolRate><CollectionType>EIT</CollectionType>
  </DVBCTuning>
  <DVBCTuning>
    <Frequency>490000</Frequency>
    <ModulationType>Mod64Qam</ModulationType>
    <SymbolRate>6952</SymbolRate><CollectionType>EIT</CollectionType>
  </DVBCTuning>
  <DVBCTuning>
    <Frequency>498000</Frequency>
    <ModulationType>Mod64Qam</ModulationType>
    <SymbolRate>6952</SymbolRate><CollectionType>EIT</CollectionType>
  </DVBCTuning>
  <DVBCTuning>
    <Frequency>506000</Frequency>
    <ModulationType>Mod64Qam</ModulationType>
    <SymbolRate>6952</SymbolRate><CollectionType>EIT</CollectionType>
  </DVBCTuning>
  <DVBCTuning>
    <Frequency>514000</Frequency>
    <ModulationType>Mod64Qam</ModulationType>
    <SymbolRate>6952</SymbolRate><CollectionType>EIT</CollectionType>
  </DVBCTuning>
  <DVBCTuning>
    <Frequency>522000</Frequency>
    <ModulationType>Mod64Qam</ModulationType>
    <SymbolRate>6952</SymbolRate><CollectionType>EIT</CollectionType>
  </DVBCTuning>
  <DVBCTuning>
    <Frequency>530000</Frequency>
    <ModulationType>Mod64Qam</ModulationType>
    <SymbolRate>6952</SymbolRate><CollectionType>EIT</CollectionType>
  </DVBCTuning>
  <DVBCTuning>
    <Frequency>538000</Frequency>
    <ModulationType>Mod64Qam</ModulationType>
    <SymbolRate>6952</SymbolRate><CollectionType>EIT</CollectionType>
  </DVBCTuning>
  <DVBCTuning>
    <Frequency>546000</Frequency>
    <ModulationType>Mod64Qam</ModulationType>
    <SymbolRate>6952</SymbolRate><CollectionType>EIT</CollectionType>
  </DVBCTuning>
  <DVBCTuning>
    <Frequency>554000</Frequency>
    <ModulationType>Mod64Qam</ModulationType>
    <SymbolRate>6952</SymbolRate><CollectionType>EIT</CollectionType>
  </DVBCTuning>
  <DVBCTuning>
    <Frequency>562000</Frequency>
    <ModulationType>Mod64Qam</ModulationType>
    <SymbolRate>6952</SymbolRate><CollectionType>EIT</CollectionType>
  </DVBCTuning>
  <DVBCTuning>
    <Frequency>570000</Frequency>
    <ModulationType>Mod64Qam</ModulationType>
    <SymbolRate>6952</SymbolRate><CollectionType>EIT</CollectionType>
  </DVBCTuning>
  <DVBCTuning>
    <Frequency>578000</Frequency>
    <ModulationType>Mod64Qam</ModulationType>
    <SymbolRate>6952</SymbolRate><CollectionType>EIT</CollectionType>
  </DVBCTuning>
  <DVBCTuning>
    <Frequency>586000</Frequency>
    <ModulationType>Mod64Qam</ModulationType>
    <SymbolRate>6952</SymbolRate><CollectionType>EIT</CollectionType>
  </DVBCTuning>
  <DVBCTuning>
    <Frequency>594000</Frequency>
    <ModulationType>Mod64Qam</ModulationType>
    <SymbolRate>6952</SymbolRate><CollectionType>EIT</CollectionType>
  </DVBCTuning>
  <DVBCTuning>
    <Frequency>602000</Frequency>
    <ModulationType>Mod64Qam</ModulationType>
    <SymbolRate>6952</SymbolRate><CollectionType>EIT</CollectionType>
  </DVBCTuning>
  <DVBCTuning>
    <Frequency>610000</Frequency>
    <ModulationType>Mod64Qam</ModulationType>
    <SymbolRate>6952</SymbolRate><CollectionType>EIT</CollectionType>
  </DVBCTuning>
  <DVBCTuning>
    <Frequency>618000</Frequency>
    <ModulationType>Mod64Qam</ModulationType>
    <SymbolRate>6952</SymbolRate><CollectionType>EIT</CollectionType>
  </DVBCTuning>
  <DVBCTuning>
    <Frequency>626000</Frequency>
    <ModulationType>Mod64Qam</ModulationType>
    <SymbolRate>6952</SymbolRate><CollectionType>EIT</CollectionType>
  </DVBCTuning>
  <DVBCTuning>
    <Frequency>634000</Frequency>
    <ModulationType>Mod64Qam</ModulationType>
    <SymbolRate>6952</SymbolRate><CollectionType>EIT</CollectionType>
  </DVBCTuning>
  <DVBCTuning>
    <Frequency>642000</Frequency>
    <ModulationType>Mod64Qam</ModulationType>
    <SymbolRate>6952</SymbolRate><CollectionType>EIT</CollectionType>
  </DVBCTuning>
  <DVBCTuning>
    <Frequency>650000</Frequency>
    <ModulationType>Mod64Qam</ModulationType>
    <SymbolRate>6952</SymbolRate><CollectionType>EIT</CollectionType>
  </DVBCTuning>
  <DVBCTuning>
    <Frequency>658000</Frequency>
    <ModulationType>Mod64Qam</ModulationType>
    <SymbolRate>6952</SymbolRate><CollectionType>EIT</CollectionType>
  </DVBCTuning>
  <DVBCTuning>
    <Frequency>666000</Frequency>
    <ModulationType>Mod64Qam</ModulationType>
    <SymbolRate>6952</SymbolRate><CollectionType>EIT</CollectionType>
  </DVBCTuning>
  <DVBCTuning>
    <Frequency>674000</Frequency>
    <ModulationType>Mod64Qam</ModulationType>
    <SymbolRate>6952</SymbolRate><CollectionType>EIT</CollectionType>
  </DVBCTuning>
  <DVBCTuning>
    <Frequency>682000</Frequency>
    <ModulationType>Mod64Qam</ModulationType>
    <SymbolRate>6952</SymbolRate><CollectionType>EIT</CollectionType>
  </DVBCTuning>
  <DVBCTuning>
    <Frequency>690000</Frequency>
    <ModulationType>Mod64Qam</ModulationType>
    <SymbolRate>6952</SymbolRate><CollectionType>EIT</CollectionType>
  </DVBCTuning>
  <DVBCTuning>
    <Frequency>698000</Frequency>
    <ModulationType>Mod64Qam</ModulationType>
    <SymbolRate>6952</SymbolRate><CollectionType>EIT</CollectionType>
  </DVBCTuning>
  <DVBCTuning>
    <Frequency>706000</Frequency>
    <ModulationType>Mod64Qam</ModulationType>
    <SymbolRate>6952</SymbolRate><CollectionType>EIT</CollectionType>
  </DVBCTuning>
  <DVBCTuning>
    <Frequency>714000</Frequency>
    <ModulationType>Mod64Qam</ModulationType>
    <SymbolRate>6952</SymbolRate><CollectionType>EIT</CollectionType>
  </DVBCTuning>
  <DVBCTuning>
    <Frequency>722000</Frequency>
    <ModulationType>Mod64Qam</ModulationType>
    <SymbolRate>6952</SymbolRate><CollectionType>EIT</CollectionType>
  </DVBCTuning>
  <DVBCTuning>
    <Frequency>730000</Frequency>
    <ModulationType>Mod64Qam</ModulationType>
    <SymbolRate>6952</SymbolRate><CollectionType>EIT</CollectionType>
  </DVBCTuning>
  <DVBCTuning>
    <Frequency>738000</Frequency>
    <ModulationType>Mod64Qam</ModulationType>
    <SymbolRate>6952</SymbolRate><CollectionType>EIT</CollectionType>
  </DVBCTuning>
  <DVBCTuning>
    <Frequency>746000</Frequency>
    <ModulationType>Mod64Qam</ModulationType>
    <SymbolRate>6952</SymbolRate><CollectionType>EIT</CollectionType>
  </DVBCTuning>
  <DVBCTuning>
    <Frequency>754000</Frequency>
    <ModulationType>Mod64Qam</ModulationType>
    <SymbolRate>6952</SymbolRate><CollectionType>EIT</CollectionType>
  </DVBCTuning>
  <DVBCTuning>
    <Frequency>762000</Frequency>
    <ModulationType>Mod64Qam</ModulationType>
    <SymbolRate>6952</SymbolRate><CollectionType>EIT</CollectionType>
  </DVBCTuning>
  <DVBCTuning>
    <Frequency>770000</Frequency>
    <ModulationType>Mod64Qam</ModulationType>
    <SymbolRate>6952</SymbolRate><CollectionType>EIT</CollectionType>
  </DVBCTuning>
  <DVBCTuning>
    <Frequency>778000</Frequency>
    <ModulationType>Mod64Qam</ModulationType>
    <SymbolRate>6952</SymbolRate><CollectionType>EIT</CollectionType>
  </DVBCTuning>
  <DVBCTuning>
    <Frequency>786000</Frequency>
    <ModulationType>Mod64Qam</ModulationType>
    <SymbolRate>6952</SymbolRate><CollectionType>EIT</CollectionType>
  </DVBCTuning>
  <DVBCTuning>
    <Frequency>794000</Frequency>
    <ModulationType>Mod64Qam</ModulationType>
    <SymbolRate>6952</SymbolRate><CollectionType>EIT</CollectionType>
  </DVBCTuning>
  <DVBCTuning>
    <Frequency>802000</Frequency>
    <ModulationType>Mod64Qam</ModulationType>
    <SymbolRate>6952</SymbolRate><CollectionType>EIT</CollectionType>
  </DVBCTuning>
  <DVBCTuning>
    <Frequency>810000</Frequency>
    <ModulationType>Mod64Qam</ModulationType>
    <SymbolRate>6952</SymbolRate><CollectionType>EIT</CollectionType>
  </DVBCTuning>
  <DVBCTuning>
    <Frequency>818000</Frequency>
    <ModulationType>Mod64Qam</ModulationType>
    <SymbolRate>6952</SymbolRate><CollectionType>EIT</CollectionType>
  </DVBCTuning>
  <DVBCTuning>
    <Frequency>826000</Frequency>
    <ModulationType>Mod64Qam</ModulationType>
    <SymbolRate>6952</SymbolRate><CollectionType>EIT</CollectionType>
  </DVBCTuning>
  <DVBCTuning>
    <Frequency>834000</Frequency>
    <ModulationType>Mod64Qam</ModulationType>
    <SymbolRate>6952</SymbolRate><CollectionType>EIT</CollectionType>
  </DVBCTuning>
  <DVBCTuning>
    <Frequency>842000</Frequency>
    <ModulationType>Mod64Qam</ModulationType>
    <SymbolRate>6952</SymbolRate><CollectionType>EIT</CollectionType>
  </DVBCTuning>
  <DVBCTuning>
    <Frequency>850000</Frequency>
    <ModulationType>Mod64Qam</ModulationType>
    <SymbolRate>6952</SymbolRate><CollectionType>EIT</CollectionType>
  </DVBCTuning>
  <DVBCTuning>
    <Frequency>858000</Frequency>
    <ModulationType>Mod64Qam</ModulationType>
    <SymbolRate>6952</SymbolRate><CollectionType>EIT</CollectionType>
  </DVBCTuning>
</ArrayOfDVBCTuning>