<?xml version="1.0" encoding="utf-8"?>
<ArrayOfDVBCTuning xmlns:xsi="http://www.w3.org/2001/XMLSchema-instance" xmlns:xsd="http://www.w3.org/2001/XMLSchema">
  <DVBCTuning>
    <Frequency>339000</Frequency>
    <ModulationType>Mod64Qam</ModulationType>
    <SymbolRate>6887</SymbolRate><CollectionType>EIT</CollectionType>
  </DVBCTuning>
  <DVBCTuning>
    <Frequency>379000</Frequency>
    <ModulationType>Mod64Qam</ModulationType>
    <SymbolRate>6887</SymbolRate><CollectionType>EIT</CollectionType>
  </DVBCTuning>
  <DVBCTuning>
    <Frequency>387000</Frequency>
    <ModulationType>Mod64Qam</ModulationType>
    <SymbolRate>6887</SymbolRate><CollectionType>EIT</CollectionType>
  </DVBCTuning>
  <DVBCTuning>
    <Frequency>395000</Frequency>
    <ModulationType>Mod64Qam</ModulationType>
    <SymbolRate>6887</SymbolRate><CollectionType>EIT</CollectionType>
  </DVBCTuning>
  <DVBCTuning>
    <Frequency>411000</Frequency>
    <ModulationType>Mod64Qam</ModulationType>
    <SymbolRate>6887</SymbolRate><CollectionType>EIT</CollectionType>
  </DVBCTuning>
  <DVBCTuning>
    <Frequency>419000</Frequency>
    <ModulationType>Mod64Qam</ModulationType>
    <SymbolRate>6887</SymbolRate><CollectionType>EIT</CollectionType>
  </DVBCTuning>
  <DVBCTuning>
    <Frequency>427000</Frequency>
    <ModulationType>Mod64Qam</ModulationType>
    <SymbolRate>6887</SymbolRate><CollectionType>EIT</CollectionType>
  </DVBCTuning>
  <DVBCTuning>
    <Frequency>435000</Frequency>
    <ModulationType>Mod64Qam</ModulationType>
    <SymbolRate>6887</SymbolRate><CollectionType>EIT</CollectionType>
  </DVBCTuning>
  <DVBCTuning>
    <Frequency>443000</Frequency>
    <ModulationType>Mod64Qam</ModulationType>
    <SymbolRate>6887</SymbolRate><CollectionType>EIT</CollectionType>
  </DVBCTuning>
  <DVBCTuning>
    <Frequency>451000</Frequency>
    <ModulationType>Mod64Qam</ModulationType>
    <SymbolRate>6887</SymbolRate><CollectionType>EIT</CollectionType>
  </DVBCTuning>
  <DVBCTuning>
    <Frequency>459000</Frequency>
    <ModulationType>Mod64Qam</ModulationType>
    <SymbolRate>6887</SymbolRate><CollectionType>EIT</CollectionType>
  </DVBCTuning>
  <DVBCTuning>
    <Frequency>467000</Frequency>
    <ModulationType>Mod64Qam</ModulationType>
    <SymbolRate>6887</SymbolRate><CollectionType>EIT</CollectionType>
  </DVBCTuning>
  <DVBCTuning>
    <Frequency>475000</Frequency>
    <ModulationType>Mod64Qam</ModulationType>
    <SymbolRate>6887</SymbolRate><CollectionType>EIT</CollectionType>
  </DVBCTuning>
  <DVBCTuning>
    <Frequency>491000</Frequency>
    <ModulationType>Mod64Qam</ModulationType>
    <SymbolRate>6887</SymbolRate><CollectionType>EIT</CollectionType>
  </DVBCTuning>
  <DVBCTuning>
    <Frequency>515000</Frequency>
    <ModulationType>Mod64Qam</ModulationType>
    <SymbolRate>6887</SymbolRate><CollectionType>EIT</CollectionType>
  </DVBCTuning>
  <DVBCTuning>
    <Frequency>523000</Frequency>
    <ModulationType>Mod64Qam</ModulationType>
    <SymbolRate>6887</SymbolRate><CollectionType>EIT</CollectionType>
  </DVBCTuning>
  <DVBCTuning>
    <Frequency>539000</Frequency>
    <ModulationType>Mod64Qam</ModulationType>
    <SymbolRate>6887</SymbolRate><CollectionType>EIT</CollectionType>
  </DVBCTuning>
  <DVBCTuning>
    <Frequency>547000</Frequency>
    <ModulationType>Mod64Qam</ModulationType>
    <SymbolRate>6887</SymbolRate><CollectionType>EIT</CollectionType>
  </DVBCTuning>
  <DVBCTuning>
    <Frequency>571000</Frequency>
    <ModulationType>Mod64Qam</ModulationType>
    <SymbolRate>6887</SymbolRate><CollectionType>EIT</CollectionType>
  </DVBCTuning>
  <DVBCTuning>
    <Frequency>643000</Frequency>
    <ModulationType>Mod64Qam</ModulationType>
    <SymbolRate>6887</SymbolRate><CollectionType>EIT</CollectionType>
  </DVBCTuning>
  <DVBCTuning>
    <Frequency>667000</Frequency>
    <ModulationType>Mod64Qam</ModulationType>
    <SymbolRate>6887</SymbolRate><CollectionType>EIT</CollectionType>
  </DVBCTuning>
  <DVBCTuning>
    <Frequency>675000</Frequency>
    <ModulationType>Mod64Qam</ModulationType>
    <SymbolRate>6887</SymbolRate><CollectionType>EIT</CollectionType>
  </DVBCTuning>
  <DVBCTuning>
    <Frequency>683000</Frequency>
    <ModulationType>Mod64Qam</ModulationType>
    <SymbolRate>6887</SymbolRate><CollectionType>EIT</CollectionType>
  </DVBCTuning>
  <DVBCTuning>
    <Frequency>691000</Frequency>
    <ModulationType>Mod64Qam</ModulationType>
    <SymbolRate>6887</SymbolRate><CollectionType>EIT</CollectionType>
  </DVBCTuning>
  <DVBCTuning>
    <Frequency>699000</Frequency>
    <ModulationType>Mod64Qam</ModulationType>
    <SymbolRate>6887</SymbolRate><CollectionType>EIT</CollectionType>
  </DVBCTuning>
  <DVBCTuning>
    <Frequency>707000</Frequency>
    <ModulationType>Mod64Qam</ModulationType>
    <SymbolRate>6887</SymbolRate><CollectionType>EIT</CollectionType>
  </DVBCTuning>
  <DVBCTuning>
    <Frequency>715000</Frequency>
    <ModulationType>Mod64Qam</ModulationType>
    <SymbolRate>6887</SymbolRate><CollectionType>EIT</CollectionType>
  </DVBCTuning>
  <DVBCTuning>
    <Frequency>723000</Frequency>
    <ModulationType>Mod64Qam</ModulationType>
    <SymbolRate>6887</SymbolRate><CollectionType>EIT</CollectionType>
  </DVBCTuning>
  <DVBCTuning>
    <Frequency>739000</Frequency>
    <ModulationType>Mod64Qam</ModulationType>
    <SymbolRate>6887</SymbolRate><CollectionType>EIT</CollectionType>
  </DVBCTuning>
  <DVBCTuning>
    <Frequency>747000</Frequency>
    <ModulationType>Mod64Qam</ModulationType>
    <SymbolRate>6887</SymbolRate><CollectionType>EIT</CollectionType>
  </DVBCTuning>
  <DVBCTuning>
    <Frequency>755000</Frequency>
    <ModulationType>Mod64Qam</ModulationType>
    <SymbolRate>6887</SymbolRate><CollectionType>EIT</CollectionType>
  </DVBCTuning>
</ArrayOfDVBCTuning>