<?xml version="1.0" encoding="utf-8"?>
<ArrayOfDVBCTuning xmlns:xsi="http://www.w3.org/2001/XMLSchema-instance" xmlns:xsd="http://www.w3.org/2001/XMLSchema">
  <DVBCTuning>
	<ChannelNumber>1</ChannelNumber>
    	<Frequency>75000</Frequency>
    	<SymbolRate>30000</SymbolRate>
    	<ModulationType>Mod64Qam</ModulationType>
    	<CollectionType>DISHNETWORK</CollectionType>
  </DVBCTuning>
  <DVBCTuning>
	<ChannelNumber>2</ChannelNumber>
    	<Frequency>57000</Frequency>
    	<SymbolRate>30000</SymbolRate>
    	<ModulationType>Mod64Qam</ModulationType>
    	<CollectionType>DISHNETWORK</CollectionType>
  </DVBCTuning>
  <DVBCTuning>
	<ChannelNumber>3</ChannelNumber>
    	<Frequency>63000</Frequency>
    	<SymbolRate>30000</SymbolRate>
    	<ModulationType>Mod64Qam</ModulationType>
    	<CollectionType>DISHNETWORK</CollectionType>
  </DVBCTuning>
  <DVBCTuning>
	<ChannelNumber>4</ChannelNumber>
    	<Frequency>69000</Frequency>
    	<SymbolRate>30000</SymbolRate>
    	<ModulationType>Mod64Qam</ModulationType>
    	<CollectionType>DISHNETWORK</CollectionType>
  </DVBCTuning>
  <DVBCTuning>
	<ChannelNumber>5</ChannelNumber>
    	<Frequency>79000</Frequency>
    	<SymbolRate>30000</SymbolRate>
    	<ModulationType>Mod64Qam</ModulationType>
    	<CollectionType>DISHNETWORK</CollectionType>
  </DVBCTuning>
  <DVBCTuning>
	<ChannelNumber>6</ChannelNumber>
    	<Frequency>85000</Frequency>
    	<SymbolRate>30000</SymbolRate>
    	<ModulationType>Mod64Qam</ModulationType>
    	<CollectionType>DISHNETWORK</CollectionType>
  </DVBCTuning>
  <DVBCTuning>
	<ChannelNumber>7</ChannelNumber>
    	<Frequency>177000</Frequency>
    	<SymbolRate>30000</SymbolRate>
    	<ModulationType>Mod64Qam</ModulationType>
    	<CollectionType>DISHNETWORK</CollectionType>
  </DVBCTuning>
  <DVBCTuning>
	<ChannelNumber>8</ChannelNumber>
    	<Frequency>183000</Frequency>
    	<SymbolRate>30000</SymbolRate>
    	<ModulationType>Mod64Qam</ModulationType>
    	<CollectionType>DISHNETWORK</CollectionType>
  </DVBCTuning>
  <DVBCTuning>
	<ChannelNumber>9</ChannelNumber>
    	<Frequency>189000</Frequency>
    	<SymbolRate>30000</SymbolRate>
    	<ModulationType>Mod64Qam</ModulationType>
    	<CollectionType>DISHNETWORK</CollectionType>
  </DVBCTuning>
  <DVBCTuning>
	<ChannelNumber>10</ChannelNumber>
    	<Frequency>195000</Frequency>
    	<SymbolRate>30000</SymbolRate>
    	<ModulationType>Mod64Qam</ModulationType>
    	<CollectionType>DISHNETWORK</CollectionType>
  </DVBCTuning>
  <DVBCTuning>
	<ChannelNumber>111</ChannelNumber>
    	<Frequency>201000</Frequency>
    	<SymbolRate>30000</SymbolRate>
    	<ModulationType>Mod64Qam</ModulationType>
    	<CollectionType>DISHNETWORK</CollectionType>
  </DVBCTuning>
  <DVBCTuning>
	<ChannelNumber>12</ChannelNumber>
    	<Frequency>207000</Frequency>
    	<SymbolRate>30000</SymbolRate>
    	<ModulationType>Mod64Qam</ModulationType>
    	<CollectionType>DISHNETWORK</CollectionType>
  </DVBCTuning>
  <DVBCTuning>
	<ChannelNumber>13</ChannelNumber>
    	<Frequency>213000</Frequency>
    	<SymbolRate>30000</SymbolRate>
    	<ModulationType>Mod64Qam</ModulationType>
    	<CollectionType>DISHNETWORK</CollectionType>
  </DVBCTuning>
  <DVBCTuning>
	<ChannelNumber>14</ChannelNumber>
    	<Frequency>123000</Frequency>
    	<SymbolRate>30000</SymbolRate>
    	<ModulationType>Mod64Qam</ModulationType>
    	<CollectionType>DISHNETWORK</CollectionType>
  </DVBCTuning>
  <DVBCTuning>
	<ChannelNumber>15</ChannelNumber>
    	<Frequency>129000</Frequency>
    	<SymbolRate>30000</SymbolRate>
    	<ModulationType>Mod64Qam</ModulationType>
    	<CollectionType>DISHNETWORK</CollectionType>
  </DVBCTuning>
  <DVBCTuning>
	<ChannelNumber>16</ChannelNumber>
    	<Frequency>135000</Frequency>
    	<SymbolRate>30000</SymbolRate>
    	<ModulationType>Mod64Qam</ModulationType>
    	<CollectionType>DISHNETWORK</CollectionType>
  </DVBCTuning>
  <DVBCTuning>
	<ChannelNumber>17</ChannelNumber>
    	<Frequency>141000</Frequency>
    	<SymbolRate>30000</SymbolRate>
    	<ModulationType>Mod64Qam</ModulationType>
    	<CollectionType>DISHNETWORK</CollectionType>
  </DVBCTuning>
  <DVBCTuning>
	<ChannelNumber>18</ChannelNumber>
    	<Frequency>147000</Frequency>
    	<SymbolRate>30000</SymbolRate>
    	<ModulationType>Mod64Qam</ModulationType>
    	<CollectionType>DISHNETWORK</CollectionType>
  </DVBCTuning>
  <DVBCTuning>
	<ChannelNumber>19</ChannelNumber>
    	<Frequency>153000</Frequency>
    	<SymbolRate>30000</SymbolRate>
    	<ModulationType>Mod64Qam</ModulationType>
    	<CollectionType>DISHNETWORK</CollectionType>
  </DVBCTuning>
  <DVBCTuning>
	<ChannelNumber>20</ChannelNumber>
    	<Frequency>159000</Frequency>
    	<SymbolRate>30000</SymbolRate>
    	<ModulationType>Mod64Qam</ModulationType>
    	<CollectionType>DISHNETWORK</CollectionType>
  </DVBCTuning>
  <DVBCTuning>
	<ChannelNumber>21</ChannelNumber>
    	<Frequency>165000</Frequency>
    	<SymbolRate>30000</SymbolRate>
    	<ModulationType>Mod64Qam</ModulationType>
    	<CollectionType>DISHNETWORK</CollectionType>
  </DVBCTuning>
  <DVBCTuning>
	<ChannelNumber>22</ChannelNumber>
    	<Frequency>171000</Frequency>
    	<SymbolRate>30000</SymbolRate>
    	<ModulationType>Mod64Qam</ModulationType>
    	<CollectionType>DISHNETWORK</CollectionType>
  </DVBCTuning>
  <DVBCTuning>
	<ChannelNumber>23</ChannelNumber>
    	<Frequency>219000</Frequency>
    	<SymbolRate>30000</SymbolRate>
    	<ModulationType>Mod64Qam</ModulationType>
    	<CollectionType>DISHNETWORK</CollectionType>
  </DVBCTuning>
  <DVBCTuning>
	<ChannelNumber>24</ChannelNumber>
    	<Frequency>225000</Frequency>
    	<SymbolRate>30000</SymbolRate>
    	<ModulationType>Mod64Qam</ModulationType>
    	<CollectionType>DISHNETWORK</CollectionType>
  </DVBCTuning>
  <DVBCTuning>
	<ChannelNumber>25</ChannelNumber>
    	<Frequency>231000</Frequency>
    	<SymbolRate>30000</SymbolRate>
    	<ModulationType>Mod64Qam</ModulationType>
    	<CollectionType>DISHNETWORK</CollectionType>
  </DVBCTuning>
  <DVBCTuning>
	<ChannelNumber>26</ChannelNumber>
    	<Frequency>237000</Frequency>
    	<SymbolRate>30000</SymbolRate>
    	<ModulationType>Mod64Qam</ModulationType>
    	<CollectionType>DISHNETWORK</CollectionType>
  </DVBCTuning>
  <DVBCTuning>
	<ChannelNumber>27</ChannelNumber>
    	<Frequency>243000</Frequency>
    	<SymbolRate>30000</SymbolRate>
    	<ModulationType>Mod64Qam</ModulationType>
    	<CollectionType>DISHNETWORK</CollectionType>
  </DVBCTuning>
  <DVBCTuning>
	<ChannelNumber>28</ChannelNumber>
    	<Frequency>249000</Frequency>
    	<SymbolRate>30000</SymbolRate>
    	<ModulationType>Mod64Qam</ModulationType>
    	<CollectionType>DISHNETWORK</CollectionType>
  </DVBCTuning>
  <DVBCTuning>
	<ChannelNumber>29</ChannelNumber>
    	<Frequency>255000</Frequency>
    	<SymbolRate>30000</SymbolRate>
    	<ModulationType>Mod64Qam</ModulationType>
    	<CollectionType>DISHNETWORK</CollectionType>
  </DVBCTuning>
  <DVBCTuning>
	<ChannelNumber>30</ChannelNumber>
    	<Frequency>261000</Frequency>
    	<SymbolRate>30000</SymbolRate>
    	<ModulationType>Mod64Qam</ModulationType>
    	<CollectionType>DISHNETWORK</CollectionType>
  </DVBCTuning>
  <DVBCTuning>
	<ChannelNumber>31</ChannelNumber>
    	<Frequency>267000</Frequency>
    	<SymbolRate>30000</SymbolRate>
    	<ModulationType>Mod64Qam</ModulationType>
    	<CollectionType>DISHNETWORK</CollectionType>
  </DVBCTuning>
  <DVBCTuning>
	<ChannelNumber>32</ChannelNumber>
    	<Frequency>273000</Frequency>
    	<SymbolRate>30000</SymbolRate>
    	<ModulationType>Mod64Qam</ModulationType>
    	<CollectionType>DISHNETWORK</CollectionType>
  </DVBCTuning>
  <DVBCTuning>
	<ChannelNumber>33</ChannelNumber>
    	<Frequency>279000</Frequency>
    	<SymbolRate>30000</SymbolRate>
    	<ModulationType>Mod64Qam</ModulationType>
    	<CollectionType>DISHNETWORK</CollectionType>
  </DVBCTuning>
  <DVBCTuning>
	<ChannelNumber>34</ChannelNumber>
    	<Frequency>285000</Frequency>
    	<SymbolRate>30000</SymbolRate>
    	<ModulationType>Mod64Qam</ModulationType>
    	<CollectionType>DISHNETWORK</CollectionType>
  </DVBCTuning>
  <DVBCTuning>
	<ChannelNumber>35</ChannelNumber>
    	<Frequency>291000</Frequency>
    	<SymbolRate>30000</SymbolRate>
    	<ModulationType>Mod64Qam</ModulationType>
    	<CollectionType>DISHNETWORK</CollectionType>
  </DVBCTuning>
  <DVBCTuning>
	<ChannelNumber>36</ChannelNumber>
    	<Frequency>297000</Frequency>
    	<SymbolRate>30000</SymbolRate>
    	<ModulationType>Mod64Qam</ModulationType>
    	<CollectionType>DISHNETWORK</CollectionType>
  </DVBCTuning>
  <DVBCTuning>
	<ChannelNumber>37</ChannelNumber>
    	<Frequency>303000</Frequency>
    	<SymbolRate>30000</SymbolRate>
    	<ModulationType>Mod64Qam</ModulationType>
    	<CollectionType>DISHNETWORK</CollectionType>
  </DVBCTuning>
  <DVBCTuning>
	<ChannelNumber>38</ChannelNumber>
    	<Frequency>309000</Frequency>
    	<SymbolRate>30000</SymbolRate>
    	<ModulationType>Mod64Qam</ModulationType>
    	<CollectionType>DISHNETWORK</CollectionType>
  </DVBCTuning>
  <DVBCTuning>
	<ChannelNumber>39</ChannelNumber>
    	<Frequency>315000</Frequency>
    	<SymbolRate>30000</SymbolRate>
    	<ModulationType>Mod64Qam</ModulationType>
    	<CollectionType>DISHNETWORK</CollectionType>
  </DVBCTuning>
  <DVBCTuning>
	<ChannelNumber>40</ChannelNumber>
    	<Frequency>321000</Frequency>
    	<SymbolRate>30000</SymbolRate>
    	<ModulationType>Mod64Qam</ModulationType>
    	<CollectionType>DISHNETWORK</CollectionType>
  </DVBCTuning>
  <DVBCTuning>
	<ChannelNumber>41</ChannelNumber>
    	<Frequency>327000</Frequency>
    	<SymbolRate>30000</SymbolRate>
    	<ModulationType>Mod64Qam</ModulationType>
    	<CollectionType>DISHNETWORK</CollectionType>
  </DVBCTuning>
  <DVBCTuning>
	<ChannelNumber>42</ChannelNumber>
    	<Frequency>333000</Frequency>
    	<SymbolRate>30000</SymbolRate>
    	<ModulationType>Mod64Qam</ModulationType>
    	<CollectionType>DISHNETWORK</CollectionType>
  </DVBCTuning>
  <DVBCTuning>
	<ChannelNumber>43</ChannelNumber>
    	<Frequency>339000</Frequency>
    	<SymbolRate>30000</SymbolRate>
    	<ModulationType>Mod64Qam</ModulationType>
    	<CollectionType>DISHNETWORK</CollectionType>
  </DVBCTuning>
  <DVBCTuning>
	<ChannelNumber>44</ChannelNumber>
    	<Frequency>345000</Frequency>
    	<SymbolRate>30000</SymbolRate>
    	<ModulationType>Mod64Qam</ModulationType>
    	<CollectionType>DISHNETWORK</CollectionType>
  </DVBCTuning>
  <DVBCTuning>
	<ChannelNumber>45</ChannelNumber>
    	<Frequency>351000</Frequency>
    	<SymbolRate>30000</SymbolRate>
    	<ModulationType>Mod64Qam</ModulationType>
    	<CollectionType>DISHNETWORK</CollectionType>
  </DVBCTuning>
  <DVBCTuning>
	<ChannelNumber>46</ChannelNumber>
    	<Frequency>357000</Frequency>
    	<SymbolRate>30000</SymbolRate>
    	<ModulationType>Mod64Qam</ModulationType>
    	<CollectionType>DISHNETWORK</CollectionType>
  </DVBCTuning>
  <DVBCTuning>
	<ChannelNumber>47</ChannelNumber>
    	<Frequency>363000</Frequency>
    	<SymbolRate>30000</SymbolRate>
    	<ModulationType>Mod64Qam</ModulationType>
    	<CollectionType>DISHNETWORK</CollectionType>
  </DVBCTuning>
  <DVBCTuning>
	<ChannelNumber>48</ChannelNumber>
    	<Frequency>369000</Frequency>
    	<SymbolRate>30000</SymbolRate>
    	<ModulationType>Mod64Qam</ModulationType>
    	<CollectionType>DISHNETWORK</CollectionType>
  </DVBCTuning>
  <DVBCTuning>
	<ChannelNumber>49</ChannelNumber>
    	<Frequency>375000</Frequency>
    	<SymbolRate>30000</SymbolRate>
    	<ModulationType>Mod64Qam</ModulationType>
    	<CollectionType>DISHNETWORK</CollectionType>
  </DVBCTuning>
  <DVBCTuning>
	<ChannelNumber>50</ChannelNumber>
    	<Frequency>381000</Frequency>
    	<SymbolRate>30000</SymbolRate>
    	<ModulationType>Mod64Qam</ModulationType>
    	<CollectionType>DISHNETWORK</CollectionType>
  </DVBCTuning>
  <DVBCTuning>
	<ChannelNumber>51</ChannelNumber>
    	<Frequency>387000</Frequency>
    	<SymbolRate>30000</SymbolRate>
    	<ModulationType>Mod64Qam</ModulationType>
    	<CollectionType>DISHNETWORK</CollectionType>
  </DVBCTuning>
  <DVBCTuning>
	<ChannelNumber>52</ChannelNumber>
    	<Frequency>393000</Frequency>
    	<SymbolRate>30000</SymbolRate>
    	<ModulationType>Mod64Qam</ModulationType>
    	<CollectionType>DISHNETWORK</CollectionType>
  </DVBCTuning>
  <DVBCTuning>
	<ChannelNumber>53</ChannelNumber>
    	<Frequency>399000</Frequency>
    	<SymbolRate>30000</SymbolRate>
    	<ModulationType>Mod64Qam</ModulationType>
    	<CollectionType>DISHNETWORK</CollectionType>
  </DVBCTuning>
  <DVBCTuning>
	<ChannelNumber>54</ChannelNumber>
    	<Frequency>405000</Frequency>
    	<SymbolRate>30000</SymbolRate>
    	<ModulationType>Mod64Qam</ModulationType>
    	<CollectionType>DISHNETWORK</CollectionType>
  </DVBCTuning>
  <DVBCTuning>
	<ChannelNumber>55</ChannelNumber>
    	<Frequency>411000</Frequency>
    	<SymbolRate>30000</SymbolRate>
    	<ModulationType>Mod64Qam</ModulationType>
    	<CollectionType>DISHNETWORK</CollectionType>
  </DVBCTuning>
  <DVBCTuning>
	<ChannelNumber>56</ChannelNumber>
    	<Frequency>417000</Frequency>
    	<SymbolRate>30000</SymbolRate>
    	<ModulationType>Mod64Qam</ModulationType>
    	<CollectionType>DISHNETWORK</CollectionType>
  </DVBCTuning>
  <DVBCTuning>
	<ChannelNumber>57</ChannelNumber>
    	<Frequency>423000</Frequency>
    	<SymbolRate>30000</SymbolRate>
    	<ModulationType>Mod64Qam</ModulationType>
    	<CollectionType>DISHNETWORK</CollectionType>
  </DVBCTuning>
  <DVBCTuning>
	<ChannelNumber>58</ChannelNumber>
    	<Frequency>429000</Frequency>
    	<SymbolRate>30000</SymbolRate>
    	<ModulationType>Mod64Qam</ModulationType>
    	<CollectionType>DISHNETWORK</CollectionType>
  </DVBCTuning>
  <DVBCTuning>
	<ChannelNumber>59</ChannelNumber>
    	<Frequency>435000</Frequency>
    	<SymbolRate>30000</SymbolRate>
    	<ModulationType>Mod64Qam</ModulationType>
    	<CollectionType>DISHNETWORK</CollectionType>
  </DVBCTuning>
  <DVBCTuning>
	<ChannelNumber>60</ChannelNumber>
    	<Frequency>441000</Frequency>
    	<SymbolRate>30000</SymbolRate>
    	<ModulationType>Mod64Qam</ModulationType>
    	<CollectionType>DISHNETWORK</CollectionType>
  </DVBCTuning>
  <DVBCTuning>
	<ChannelNumber>61</ChannelNumber>
    	<Frequency>447000</Frequency>
    	<SymbolRate>30000</SymbolRate>
    	<ModulationType>Mod64Qam</ModulationType>
    	<CollectionType>DISHNETWORK</CollectionType>
  </DVBCTuning>
  <DVBCTuning>
	<ChannelNumber>62</ChannelNumber>
    	<Frequency>453000</Frequency>
    	<SymbolRate>30000</SymbolRate>
    	<ModulationType>Mod64Qam</ModulationType>
    	<CollectionType>DISHNETWORK</CollectionType>
  </DVBCTuning>
  <DVBCTuning>
	<ChannelNumber>63</ChannelNumber>
    	<Frequency>459000</Frequency>
    	<SymbolRate>30000</SymbolRate>
    	<ModulationType>Mod64Qam</ModulationType>
    	<CollectionType>DISHNETWORK</CollectionType>
  </DVBCTuning>
  <DVBCTuning>
	<ChannelNumber>64</ChannelNumber>
    	<Frequency>465000</Frequency>
    	<SymbolRate>30000</SymbolRate>
    	<ModulationType>Mod64Qam</ModulationType>
    	<CollectionType>DISHNETWORK</CollectionType>
  </DVBCTuning>
  <DVBCTuning>
	<ChannelNumber>65</ChannelNumber>
    	<Frequency>471000</Frequency>
    	<SymbolRate>30000</SymbolRate>
    	<ModulationType>Mod64Qam</ModulationType>
    	<CollectionType>DISHNETWORK</CollectionType>
  </DVBCTuning>
  <DVBCTuning>
	<ChannelNumber>66</ChannelNumber>
    	<Frequency>477000</Frequency>
    	<SymbolRate>30000</SymbolRate>
    	<ModulationType>Mod64Qam</ModulationType>
    	<CollectionType>DISHNETWORK</CollectionType>
  </DVBCTuning>
  <DVBCTuning>
	<ChannelNumber>67</ChannelNumber>
    	<Frequency>483000</Frequency>
    	<SymbolRate>30000</SymbolRate>
    	<ModulationType>Mod64Qam</ModulationType>
    	<CollectionType>DISHNETWORK</CollectionType>
  </DVBCTuning>
  <DVBCTuning>
	<ChannelNumber>68</ChannelNumber>
    	<Frequency>489000</Frequency>
    	<SymbolRate>30000</SymbolRate>
    	<ModulationType>Mod64Qam</ModulationType>
    	<CollectionType>DISHNETWORK</CollectionType>
  </DVBCTuning>
  <DVBCTuning>
	<ChannelNumber>69</ChannelNumber>
    	<Frequency>495000</Frequency>
    	<SymbolRate>30000</SymbolRate>
    	<ModulationType>Mod64Qam</ModulationType>
    	<CollectionType>DISHNETWORK</CollectionType>
  </DVBCTuning>
  <DVBCTuning>
	<ChannelNumber>70</ChannelNumber>
    	<Frequency>501000</Frequency>
    	<SymbolRate>30000</SymbolRate>
    	<ModulationType>Mod64Qam</ModulationType>
    	<CollectionType>DISHNETWORK</CollectionType>
  </DVBCTuning>
  <DVBCTuning>
	<ChannelNumber>71</ChannelNumber>
    	<Frequency>507000</Frequency>
    	<SymbolRate>30000</SymbolRate>
    	<ModulationType>Mod64Qam</ModulationType>
    	<CollectionType>DISHNETWORK</CollectionType>
  </DVBCTuning>
  <DVBCTuning>
	<ChannelNumber>72</ChannelNumber>
    	<Frequency>513000</Frequency>
    	<SymbolRate>30000</SymbolRate>
    	<ModulationType>Mod64Qam</ModulationType>
    	<CollectionType>DISHNETWORK</CollectionType>
  </DVBCTuning>
  <DVBCTuning>
	<ChannelNumber>73</ChannelNumber>
    	<Frequency>519000</Frequency>
    	<SymbolRate>30000</SymbolRate>
    	<ModulationType>Mod64Qam</ModulationType>
    	<CollectionType>DISHNETWORK</CollectionType>
  </DVBCTuning>
  <DVBCTuning>
	<ChannelNumber>74</ChannelNumber>
    	<Frequency>525000</Frequency>
    	<SymbolRate>30000</SymbolRate>
    	<ModulationType>Mod64Qam</ModulationType>
    	<CollectionType>DISHNETWORK</CollectionType>
  </DVBCTuning>
  <DVBCTuning>
	<ChannelNumber>75</ChannelNumber>
    	<Frequency>531000</Frequency>
    	<SymbolRate>30000</SymbolRate>
    	<ModulationType>Mod64Qam</ModulationType>
    	<CollectionType>DISHNETWORK</CollectionType>
  </DVBCTuning>
  <DVBCTuning>
	<ChannelNumber>76</ChannelNumber>
    	<Frequency>537000</Frequency>
    	<SymbolRate>30000</SymbolRate>
    	<ModulationType>Mod64Qam</ModulationType>
    	<CollectionType>DISHNETWORK</CollectionType>
  </DVBCTuning>
  <DVBCTuning>
	<ChannelNumber>77</ChannelNumber>
    	<Frequency>543000</Frequency>
    	<SymbolRate>30000</SymbolRate>
    	<ModulationType>Mod64Qam</ModulationType>
    	<CollectionType>DISHNETWORK</CollectionType>
  </DVBCTuning>
  <DVBCTuning>
	<ChannelNumber>78</ChannelNumber>
    	<Frequency>549000</Frequency>
    	<SymbolRate>30000</SymbolRate>
    	<ModulationType>Mod64Qam</ModulationType>
    	<CollectionType>DISHNETWORK</CollectionType>
  </DVBCTuning>
  <DVBCTuning>
	<ChannelNumber>79</ChannelNumber>
    	<Frequency>555000</Frequency>
    	<SymbolRate>30000</SymbolRate>
    	<ModulationType>Mod64Qam</ModulationType>
    	<CollectionType>DISHNETWORK</CollectionType>
  </DVBCTuning>
  <DVBCTuning>
	<ChannelNumber>80</ChannelNumber>
    	<Frequency>561000</Frequency>
    	<SymbolRate>30000</SymbolRate>
    	<ModulationType>Mod64Qam</ModulationType>
    	<CollectionType>DISHNETWORK</CollectionType>
  </DVBCTuning>
  <DVBCTuning>
	<ChannelNumber>81</ChannelNumber>
    	<Frequency>567000</Frequency>
    	<SymbolRate>30000</SymbolRate>
    	<ModulationType>Mod64Qam</ModulationType>
    	<CollectionType>DISHNETWORK</CollectionType>
  </DVBCTuning>
  <DVBCTuning>
	<ChannelNumber>82</ChannelNumber>
    	<Frequency>573000</Frequency>
    	<SymbolRate>30000</SymbolRate>
    	<ModulationType>Mod64Qam</ModulationType>
    	<CollectionType>DISHNETWORK</CollectionType>
  </DVBCTuning>
  <DVBCTuning>
	<ChannelNumber>83</ChannelNumber>
    	<Frequency>579000</Frequency>
    	<SymbolRate>30000</SymbolRate>
    	<ModulationType>Mod64Qam</ModulationType>
    	<CollectionType>DISHNETWORK</CollectionType>
  </DVBCTuning>
  <DVBCTuning>
	<ChannelNumber>84</ChannelNumber>
    	<Frequency>585000</Frequency>
    	<SymbolRate>30000</SymbolRate>
    	<ModulationType>Mod64Qam</ModulationType>
    	<CollectionType>DISHNETWORK</CollectionType>
  </DVBCTuning>
  <DVBCTuning>
	<ChannelNumber>85</ChannelNumber>
    	<Frequency>591000</Frequency>
    	<SymbolRate>30000</SymbolRate>
    	<ModulationType>Mod64Qam</ModulationType>
    	<CollectionType>DISHNETWORK</CollectionType>
  </DVBCTuning>
  <DVBCTuning>
	<ChannelNumber>86</ChannelNumber>
    	<Frequency>597000</Frequency>
    	<SymbolRate>30000</SymbolRate>
    	<ModulationType>Mod64Qam</ModulationType>
    	<CollectionType>DISHNETWORK</CollectionType>
  </DVBCTuning>
  <DVBCTuning>
	<ChannelNumber>87</ChannelNumber>
    	<Frequency>603000</Frequency>
    	<SymbolRate>30000</SymbolRate>
    	<ModulationType>Mod64Qam</ModulationType>
    	<CollectionType>DISHNETWORK</CollectionType>
  </DVBCTuning>
  <DVBCTuning>
	<ChannelNumber>88</ChannelNumber>
    	<Frequency>609000</Frequency>
    	<SymbolRate>30000</SymbolRate>
    	<ModulationType>Mod64Qam</ModulationType>
    	<CollectionType>DISHNETWORK</CollectionType>
  </DVBCTuning>
  <DVBCTuning>
	<ChannelNumber>89</ChannelNumber>
    	<Frequency>615000</Frequency>
    	<SymbolRate>30000</SymbolRate>
    	<ModulationType>Mod64Qam</ModulationType>
    	<CollectionType>DISHNETWORK</CollectionType>
  </DVBCTuning>
  <DVBCTuning>
	<ChannelNumber>90</ChannelNumber>
    	<Frequency>621000</Frequency>
    	<SymbolRate>30000</SymbolRate>
    	<ModulationType>Mod64Qam</ModulationType>
    	<CollectionType>DISHNETWORK</CollectionType>
  </DVBCTuning>
  <DVBCTuning>
	<ChannelNumber>91</ChannelNumber>
    	<Frequency>627000</Frequency>
    	<SymbolRate>30000</SymbolRate>
    	<ModulationType>Mod64Qam</ModulationType>
    	<CollectionType>DISHNETWORK</CollectionType>
  </DVBCTuning>
  <DVBCTuning>
	<ChannelNumber>92</ChannelNumber>
    	<Frequency>633000</Frequency>
    	<SymbolRate>30000</SymbolRate>
    	<ModulationType>Mod64Qam</ModulationType>
    	<CollectionType>DISHNETWORK</CollectionType>
  </DVBCTuning>
  <DVBCTuning>
	<ChannelNumber>93</ChannelNumber>
    	<Frequency>639000</Frequency>
    	<SymbolRate>30000</SymbolRate>
    	<ModulationType>Mod64Qam</ModulationType>
    	<CollectionType>DISHNETWORK</CollectionType>
  </DVBCTuning>
  <DVBCTuning>
	<ChannelNumber>94</ChannelNumber>
    	<Frequency>645000</Frequency>
    	<SymbolRate>30000</SymbolRate>
    	<ModulationType>Mod64Qam</ModulationType>
    	<CollectionType>DISHNETWORK</CollectionType>
  </DVBCTuning>
  <DVBCTuning>
	<ChannelNumber>100</ChannelNumber>
    	<Frequency>651000</Frequency>
    	<SymbolRate>30000</SymbolRate>
    	<ModulationType>Mod64Qam</ModulationType>
    	<CollectionType>DISHNETWORK</CollectionType>
  </DVBCTuning>
  <DVBCTuning>
	<ChannelNumber>101</ChannelNumber>
    	<Frequency>657000</Frequency>
    	<SymbolRate>30000</SymbolRate>
    	<ModulationType>Mod64Qam</ModulationType>
    	<CollectionType>DISHNETWORK</CollectionType>
  </DVBCTuning>
  <DVBCTuning>
	<ChannelNumber>102</ChannelNumber>
    	<Frequency>663000</Frequency>
    	<SymbolRate>30000</SymbolRate>
    	<ModulationType>Mod64Qam</ModulationType>
    	<CollectionType>DISHNETWORK</CollectionType>
  </DVBCTuning>
  <DVBCTuning>
	<ChannelNumber>103</ChannelNumber>
    	<Frequency>669000</Frequency>
    	<SymbolRate>30000</SymbolRate>
    	<ModulationType>Mod64Qam</ModulationType>
    	<CollectionType>DISHNETWORK</CollectionType>
  </DVBCTuning>
  <DVBCTuning>
	<ChannelNumber>104</ChannelNumber>
    	<Frequency>675000</Frequency>
    	<SymbolRate>30000</SymbolRate>
    	<ModulationType>Mod64Qam</ModulationType>
    	<CollectionType>DISHNETWORK</CollectionType>
  </DVBCTuning>
  <DVBCTuning>
	<ChannelNumber>105</ChannelNumber>
    	<Frequency>681000</Frequency>
    	<SymbolRate>30000</SymbolRate>
    	<ModulationType>Mod64Qam</ModulationType>
    	<CollectionType>DISHNETWORK</CollectionType>
  </DVBCTuning>
  <DVBCTuning>
	<ChannelNumber>106</ChannelNumber>
    	<Frequency>687000</Frequency>
    	<SymbolRate>30000</SymbolRate>
    	<ModulationType>Mod64Qam</ModulationType>
    	<CollectionType>DISHNETWORK</CollectionType>
  </DVBCTuning>
  <DVBCTuning>
	<ChannelNumber>107</ChannelNumber>
    	<Frequency>693000</Frequency>
    	<SymbolRate>30000</SymbolRate>
    	<ModulationType>Mod64Qam</ModulationType>
    	<CollectionType>DISHNETWORK</CollectionType>
  </DVBCTuning>
  <DVBCTuning>
	<ChannelNumber>108</ChannelNumber>
    	<Frequency>699000</Frequency>
    	<SymbolRate>30000</SymbolRate>
    	<ModulationType>Mod64Qam</ModulationType>
    	<CollectionType>DISHNETWORK</CollectionType>
  </DVBCTuning>
  <DVBCTuning>
	<ChannelNumber>109</ChannelNumber>
    	<Frequency>705000</Frequency>
    	<SymbolRate>30000</SymbolRate>
    	<ModulationType>Mod64Qam</ModulationType>
    	<CollectionType>DISHNETWORK</CollectionType>
  </DVBCTuning>
  <DVBCTuning>
	<ChannelNumber>110</ChannelNumber>
    	<Frequency>711000</Frequency>
    	<SymbolRate>30000</SymbolRate>
    	<ModulationType>Mod64Qam</ModulationType>
    	<CollectionType>DISHNETWORK</CollectionType>
  </DVBCTuning>
  <DVBCTuning>
	<ChannelNumber>111</ChannelNumber>
    	<Frequency>717000</Frequency>
    	<SymbolRate>30000</SymbolRate>
    	<ModulationType>Mod64Qam</ModulationType>
    	<CollectionType>DISHNETWORK</CollectionType>
  </DVBCTuning>
  <DVBCTuning>
	<ChannelNumber>112</ChannelNumber>
    	<Frequency>723000</Frequency>
    	<SymbolRate>30000</SymbolRate>
    	<ModulationType>Mod64Qam</ModulationType>
    	<CollectionType>DISHNETWORK</CollectionType>
  </DVBCTuning>
  <DVBCTuning>
	<ChannelNumber>113</ChannelNumber>
    	<Frequency>729000</Frequency>
    	<SymbolRate>30000</SymbolRate>
    	<ModulationType>Mod64Qam</ModulationType>
    	<CollectionType>DISHNETWORK</CollectionType>
  </DVBCTuning>
  <DVBCTuning>
	<ChannelNumber>114</ChannelNumber>
    	<Frequency>735000</Frequency>
    	<SymbolRate>30000</SymbolRate>
    	<ModulationType>Mod64Qam</ModulationType>
    	<CollectionType>DISHNETWORK</CollectionType>
  </DVBCTuning>
  <DVBCTuning>
	<ChannelNumber>115</ChannelNumber>
    	<Frequency>741000</Frequency>
    	<SymbolRate>30000</SymbolRate>
    	<ModulationType>Mod64Qam</ModulationType>
    	<CollectionType>DISHNETWORK</CollectionType>
  </DVBCTuning>
  <DVBCTuning>
	<ChannelNumber>116</ChannelNumber>
    	<Frequency>747000</Frequency>
    	<SymbolRate>30000</SymbolRate>
    	<ModulationType>Mod64Qam</ModulationType>
    	<CollectionType>DISHNETWORK</CollectionType>
  </DVBCTuning>
  <DVBCTuning>
	<ChannelNumber>117</ChannelNumber>
    	<Frequency>753000</Frequency>
    	<SymbolRate>30000</SymbolRate>
    	<ModulationType>Mod64Qam</ModulationType>
    	<CollectionType>DISHNETWORK</CollectionType>
  </DVBCTuning>
  <DVBCTuning>
	<ChannelNumber>118</ChannelNumber>
    	<Frequency>759000</Frequency>
    	<SymbolRate>30000</SymbolRate>
    	<ModulationType>Mod64Qam</ModulationType>
    	<CollectionType>DISHNETWORK</CollectionType>
  </DVBCTuning>
  <DVBCTuning>
	<ChannelNumber>119</ChannelNumber>
    	<Frequency>765000</Frequency>
    	<SymbolRate>30000</SymbolRate>
    	<ModulationType>Mod64Qam</ModulationType>
    	<CollectionType>DISHNETWORK</CollectionType>
  </DVBCTuning>
  <DVBCTuning>
	<ChannelNumber>120</ChannelNumber>
    	<Frequency>771000</Frequency>
    	<SymbolRate>30000</SymbolRate>
    	<ModulationType>Mod64Qam</ModulationType>
    	<CollectionType>DISHNETWORK</CollectionType>
  </DVBCTuning>
  <DVBCTuning>
	<ChannelNumber>121</ChannelNumber>
    	<Frequency>777000</Frequency>
    	<SymbolRate>30000</SymbolRate>
    	<ModulationType>Mod64Qam</ModulationType>
    	<CollectionType>DISHNETWORK</CollectionType>
  </DVBCTuning>
  <DVBCTuning>
	<ChannelNumber>122</ChannelNumber>
    	<Frequency>783000</Frequency>
    	<SymbolRate>30000</SymbolRate>
    	<ModulationType>Mod64Qam</ModulationType>
    	<CollectionType>DISHNETWORK</CollectionType>
  </DVBCTuning>
  <DVBCTuning>
	<ChannelNumber>123</ChannelNumber>
    	<Frequency>789000</Frequency>
    	<SymbolRate>30000</SymbolRate>
    	<ModulationType>Mod64Qam</ModulationType>
    	<CollectionType>DISHNETWORK</CollectionType>
  </DVBCTuning>
  <DVBCTuning>
	<ChannelNumber>124</ChannelNumber>
    	<Frequency>795000</Frequency>
    	<SymbolRate>30000</SymbolRate>
    	<ModulationType>Mod64Qam</ModulationType>
    	<CollectionType>DISHNETWORK</CollectionType>
  </DVBCTuning>
  <DVBCTuning>
	<ChannelNumber>125</ChannelNumber>
    	<Frequency>801000</Frequency>
    	<SymbolRate>30000</SymbolRate>
    	<ModulationType>Mod64Qam</ModulationType>
    	<CollectionType>DISHNETWORK</CollectionType>
  </DVBCTuning>
  <DVBCTuning>
	<ChannelNumber>126</ChannelNumber>
    	<Frequency>807000</Frequency>
    	<SymbolRate>30000</SymbolRate>
    	<ModulationType>Mod64Qam</ModulationType>
    	<CollectionType>DISHNETWORK</CollectionType>
  </DVBCTuning>
  <DVBCTuning>
	<ChannelNumber>127</ChannelNumber>
    	<Frequency>813000</Frequency>
    	<SymbolRate>30000</SymbolRate>
    	<ModulationType>Mod64Qam</ModulationType>
    	<CollectionType>DISHNETWORK</CollectionType>
  </DVBCTuning>
  <DVBCTuning>
	<ChannelNumber>128</ChannelNumber>
    	<Frequency>819000</Frequency>
    	<SymbolRate>30000</SymbolRate>
    	<ModulationType>Mod64Qam</ModulationType>
    	<CollectionType>DISHNETWORK</CollectionType>
  </DVBCTuning>
  <DVBCTuning>
	<ChannelNumber>129</ChannelNumber>
    	<Frequency>825000</Frequency>
    	<SymbolRate>30000</SymbolRate>
    	<ModulationType>Mod64Qam</ModulationType>
    	<CollectionType>DISHNETWORK</CollectionType>
  </DVBCTuning>
  <DVBCTuning>
	<ChannelNumber>130</ChannelNumber>
    	<Frequency>831000</Frequency>
    	<SymbolRate>30000</SymbolRate>
    	<ModulationType>Mod64Qam</ModulationType>
    	<CollectionType>DISHNETWORK</CollectionType>
  </DVBCTuning>
  <DVBCTuning>
	<ChannelNumber>131</ChannelNumber>
    	<Frequency>837000</Frequency>
    	<SymbolRate>30000</SymbolRate>
    	<ModulationType>Mod64Qam</ModulationType>
    	<CollectionType>DISHNETWORK</CollectionType>
  </DVBCTuning>
  <DVBCTuning>
	<ChannelNumber>132</ChannelNumber>
    	<Frequency>843000</Frequency>
    	<SymbolRate>30000</SymbolRate>
    	<ModulationType>Mod64Qam</ModulationType>
    	<CollectionType>DISHNETWORK</CollectionType>
  </DVBCTuning>
  <DVBCTuning>
	<ChannelNumber>133</ChannelNumber>
    	<Frequency>849000</Frequency>
    	<SymbolRate>30000</SymbolRate>
    	<ModulationType>Mod64Qam</ModulationType>
    	<CollectionType>DISHNETWORK</CollectionType>
  </DVBCTuning>
  <DVBCTuning>
	<ChannelNumber>134</ChannelNumber>
    	<Frequency>855000</Frequency>
    	<SymbolRate>30000</SymbolRate>
    	<ModulationType>Mod64Qam</ModulationType>
    	<CollectionType>DISHNETWORK</CollectionType>
  </DVBCTuning>
  <DVBCTuning>
	<ChannelNumber>135</ChannelNumber>
    	<Frequency>861000</Frequency>
    	<SymbolRate>30000</SymbolRate>
    	<ModulationType>Mod64Qam</ModulationType>
    	<CollectionType>DISHNETWORK</CollectionType>
  </DVBCTuning>
  <DVBCTuning>
	<ChannelNumber>136</ChannelNumber>
    	<Frequency>867000</Frequency>
    	<SymbolRate>30000</SymbolRate>
    	<ModulationType>Mod64Qam</ModulationType>
    	<CollectionType>DISHNETWORK</CollectionType>
  </DVBCTuning>
  <DVBCTuning>
	<ChannelNumber>137</ChannelNumber>
    	<Frequency>873000</Frequency>
    	<SymbolRate>30000</SymbolRate>
    	<ModulationType>Mod64Qam</ModulationType>
    	<CollectionType>DISHNETWORK</CollectionType>
  </DVBCTuning>
  <DVBCTuning>
	<ChannelNumber>138</ChannelNumber>
    	<Frequency>879000</Frequency>
    	<SymbolRate>30000</SymbolRate>
    	<ModulationType>Mod64Qam</ModulationType>
    	<CollectionType>DISHNETWORK</CollectionType>
  </DVBCTuning>
  <DVBCTuning>
	<ChannelNumber>139</ChannelNumber>
    	<Frequency>885000</Frequency>
    	<SymbolRate>30000</SymbolRate>
    	<ModulationType>Mod64Qam</ModulationType>
    	<CollectionType>DISHNETWORK</CollectionType>
  </DVBCTuning>
  <DVBCTuning>
	<ChannelNumber>140</ChannelNumber>
    	<Frequency>891000</Frequency>
    	<SymbolRate>30000</SymbolRate>
    	<ModulationType>Mod64Qam</ModulationType>
    	<CollectionType>DISHNETWORK</CollectionType>
  </DVBCTuning>
  <DVBCTuning>
	<ChannelNumber>141</ChannelNumber>
    	<Frequency>897000</Frequency>
    	<SymbolRate>30000</SymbolRate>
    	<ModulationType>Mod64Qam</ModulationType>
    	<CollectionType>DISHNETWORK</CollectionType>
  </DVBCTuning>
  <DVBCTuning>
	<ChannelNumber>142</ChannelNumber>
    	<Frequency>903000</Frequency>
    	<SymbolRate>30000</SymbolRate>
    	<ModulationType>Mod64Qam</ModulationType>
    	<CollectionType>DISHNETWORK</CollectionType>
  </DVBCTuning>
  <DVBCTuning>
	<ChannelNumber>143</ChannelNumber>
    	<Frequency>909000</Frequency>
    	<SymbolRate>30000</SymbolRate>
    	<ModulationType>Mod64Qam</ModulationType>
    	<CollectionType>DISHNETWORK</CollectionType>
  </DVBCTuning>
  <DVBCTuning>
	<ChannelNumber>144</ChannelNumber>
    	<Frequency>915000</Frequency>
    	<SymbolRate>30000</SymbolRate>
    	<ModulationType>Mod64Qam</ModulationType>
    	<CollectionType>DISHNETWORK</CollectionType>
  </DVBCTuning>
  <DVBCTuning>
	<ChannelNumber>145</ChannelNumber>
    	<Frequency>921000</Frequency>
    	<SymbolRate>30000</SymbolRate>
    	<ModulationType>Mod64Qam</ModulationType>
    	<CollectionType>DISHNETWORK</CollectionType>
  </DVBCTuning>
  <DVBCTuning>
	<ChannelNumber>146</ChannelNumber>
    	<Frequency>927000</Frequency>
    	<SymbolRate>30000</SymbolRate>
    	<ModulationType>Mod64Qam</ModulationType>
    	<CollectionType>DISHNETWORK</CollectionType>
  </DVBCTuning>
  <DVBCTuning>
	<ChannelNumber>147</ChannelNumber>
    	<Frequency>933000</Frequency>
    	<SymbolRate>30000</SymbolRate>
    	<ModulationType>Mod64Qam</ModulationType>
    	<CollectionType>DISHNETWORK</CollectionType>
  </DVBCTuning>
  <DVBCTuning>
	<ChannelNumber>148</ChannelNumber>
    	<Frequency>939000</Frequency>
    	<SymbolRate>30000</SymbolRate>
    	<ModulationType>Mod64Qam</ModulationType>
    	<CollectionType>DISHNETWORK</CollectionType>
  </DVBCTuning>
  <DVBCTuning>
	<ChannelNumber>149</ChannelNumber>
    	<Frequency>945000</Frequency>
    	<SymbolRate>30000</SymbolRate>
    	<ModulationType>Mod64Qam</ModulationType>
    	<CollectionType>DISHNETWORK</CollectionType>
  </DVBCTuning>
  <DVBCTuning>
	<ChannelNumber>150</ChannelNumber>
    	<Frequency>951000</Frequency>
    	<SymbolRate>30000</SymbolRate>
    	<ModulationType>Mod64Qam</ModulationType>
    	<CollectionType>DISHNETWORK</CollectionType>
  </DVBCTuning>
  <DVBCTuning>
	<ChannelNumber>151</ChannelNumber>
    	<Frequency>957000</Frequency>
	<SymbolRate>30000</SymbolRate>
    	<ModulationType>Mod64Qam</ModulationType>
    	<CollectionType>DISHNETWORK</CollectionType>
  </DVBCTuning>
  <DVBCTuning>
	<ChannelNumber>152</ChannelNumber>
	<Frequency>963000</Frequency>
    	<SymbolRate>30000</SymbolRate>
    	<ModulationType>Mod64Qam</ModulationType>
    	<CollectionType>DISHNETWORK</CollectionType>
  </DVBCTuning>
  <DVBCTuning>
	<ChannelNumber>153</ChannelNumber>
    	<Frequency>969000</Frequency>
	<SymbolRate>30000</SymbolRate>
    	<ModulationType>Mod64Qam</ModulationType>
    	<CollectionType>DISHNETWORK</CollectionType>
  </DVBCTuning>
  <DVBCTuning>
	<ChannelNumber>154</ChannelNumber>
	<Frequency>975000</Frequency>
    	<SymbolRate>30000</SymbolRate>
    	<ModulationType>Mod64Qam</ModulationType>
    	<CollectionType>DISHNETWORK</CollectionType>
  </DVBCTuning>
  <DVBCTuning>
	<ChannelNumber>155</ChannelNumber>
	<Frequency>981000</Frequency>
    	<SymbolRate>30000</SymbolRate>
    	<ModulationType>Mod64Qam</ModulationType>
    	<CollectionType>DISHNETWORK</CollectionType>
  </DVBCTuning>
  <DVBCTuning>
	<ChannelNumber>156</ChannelNumber>
	<Frequency>987000</Frequency>
    	<SymbolRate>30000</SymbolRate>
    	<ModulationType>Mod64Qam</ModulationType>
    	<CollectionType>DISHNETWORK</CollectionType>
  </DVBCTuning>
  <DVBCTuning>
	<ChannelNumber>157</ChannelNumber>
	<Frequency>993000</Frequency>
    	<SymbolRate>30000</SymbolRate>
    	<ModulationType>Mod64Qam</ModulationType>
    	<CollectionType>DISHNETWORK</CollectionType>
  </DVBCTuning>
  <DVBCTuning>
	<ChannelNumber>158</ChannelNumber>
	<Frequency>999000</Frequency>
    	<SymbolRate>30000</SymbolRate>
    	<ModulationType>Mod64Qam</ModulationType>
    	<CollectionType>DISHNETWORK</CollectionType>
  </DVBCTuning>  
</ArrayOfDVBCTuning>