<?xml version="1.0" encoding="utf-8"?>
<ArrayOfDVBCTuning xmlns:xsi="http://www.w3.org/2001/XMLSchema-instance" xmlns:xsd="http://www.w3.org/2001/XMLSchema">
  <DVBCTuning>
    <Frequency>280000</Frequency>
    <ModulationType>Mod256Qam</ModulationType>
    <SymbolRate>6875</SymbolRate><CollectionType>EIT</CollectionType>
  </DVBCTuning>
  <DVBCTuning>
    <Frequency>288000</Frequency>
    <ModulationType>Mod256Qam</ModulationType>
    <SymbolRate>6875</SymbolRate><CollectionType>EIT</CollectionType>
  </DVBCTuning>
  <DVBCTuning>
    <Frequency>296000</Frequency>
    <ModulationType>Mod256Qam</ModulationType>
    <SymbolRate>6875</SymbolRate><CollectionType>EIT</CollectionType>
  </DVBCTuning>
  <DVBCTuning>
    <Frequency>304000</Frequency>
    <ModulationType>Mod256Qam</ModulationType>
    <SymbolRate>6875</SymbolRate><CollectionType>EIT</CollectionType>
  </DVBCTuning>
  <DVBCTuning>
    <Frequency>312000</Frequency>
    <ModulationType>Mod256Qam</ModulationType>
    <SymbolRate>6875</SymbolRate><CollectionType>EIT</CollectionType>
  </DVBCTuning>
  <DVBCTuning>
    <Frequency>320000</Frequency>
    <ModulationType>Mod256Qam</ModulationType>
    <SymbolRate>6875</SymbolRate><CollectionType>EIT</CollectionType>
  </DVBCTuning>
  <DVBCTuning>
    <Frequency>328000</Frequency>
    <ModulationType>Mod256Qam</ModulationType>
    <SymbolRate>6875</SymbolRate><CollectionType>EIT</CollectionType>
  </DVBCTuning>
  <DVBCTuning>
    <Frequency>336000</Frequency>
    <ModulationType>Mod256Qam</ModulationType>
    <SymbolRate>6875</SymbolRate><CollectionType>EIT</CollectionType>
  </DVBCTuning>
  <DVBCTuning>
    <Frequency>344000</Frequency>
    <ModulationType>Mod256Qam</ModulationType>
    <SymbolRate>6875</SymbolRate><CollectionType>EIT</CollectionType>
  </DVBCTuning>
  <DVBCTuning>
    <Frequency>352000</Frequency>
    <ModulationType>Mod256Qam</ModulationType>
    <SymbolRate>6875</SymbolRate><CollectionType>EIT</CollectionType>
  </DVBCTuning>
  <DVBCTuning>
    <Frequency>360000</Frequency>
    <ModulationType>Mod256Qam</ModulationType>
    <SymbolRate>6875</SymbolRate><CollectionType>EIT</CollectionType>
  </DVBCTuning>
  <DVBCTuning>
    <Frequency>368000</Frequency>
    <ModulationType>Mod256Qam</ModulationType>
    <SymbolRate>6875</SymbolRate><CollectionType>EIT</CollectionType>
  </DVBCTuning>
  <DVBCTuning>
    <Frequency>376000</Frequency>
    <ModulationType>Mod256Qam</ModulationType>
    <SymbolRate>6875</SymbolRate><CollectionType>EIT</CollectionType>
  </DVBCTuning>
  <DVBCTuning>
    <Frequency>384000</Frequency>
    <ModulationType>Mod256Qam</ModulationType>
    <SymbolRate>6875</SymbolRate><CollectionType>EIT</CollectionType>
  </DVBCTuning>
  <DVBCTuning>
    <Frequency>392000</Frequency>
    <ModulationType>Mod256Qam</ModulationType>
    <SymbolRate>6875</SymbolRate><CollectionType>EIT</CollectionType>
  </DVBCTuning>
  <DVBCTuning>
    <Frequency>400000</Frequency>
    <ModulationType>Mod256Qam</ModulationType>
    <SymbolRate>6875</SymbolRate><CollectionType>EIT</CollectionType>
  </DVBCTuning>
  <DVBCTuning>
    <Frequency>408000</Frequency>
    <ModulationType>Mod256Qam</ModulationType>
    <SymbolRate>6875</SymbolRate><CollectionType>EIT</CollectionType>
  </DVBCTuning>
  <DVBCTuning>
    <Frequency>416000</Frequency>
    <ModulationType>Mod256Qam</ModulationType>
    <SymbolRate>6875</SymbolRate><CollectionType>EIT</CollectionType>
  </DVBCTuning>
  <DVBCTuning>
    <Frequency>424000</Frequency>
    <ModulationType>Mod256Qam</ModulationType>
    <SymbolRate>6875</SymbolRate><CollectionType>EIT</CollectionType>
  </DVBCTuning>
  <DVBCTuning>
    <Frequency>440000</Frequency>
    <ModulationType>Mod256Qam</ModulationType>
    <SymbolRate>6875</SymbolRate><CollectionType>EIT</CollectionType>
  </DVBCTuning>
  <DVBCTuning>
    <Frequency>448000</Frequency>
    <ModulationType>Mod256Qam</ModulationType>
    <SymbolRate>6875</SymbolRate><CollectionType>EIT</CollectionType>
  </DVBCTuning>
  <DVBCTuning>
    <Frequency>456000</Frequency>
    <ModulationType>Mod256Qam</ModulationType>
    <SymbolRate>6875</SymbolRate><CollectionType>EIT</CollectionType>
  </DVBCTuning>
  <DVBCTuning>
    <Frequency>464000</Frequency>
    <ModulationType>Mod256Qam</ModulationType>
    <SymbolRate>6875</SymbolRate><CollectionType>EIT</CollectionType>
  </DVBCTuning>
  <DVBCTuning>
    <Frequency>472000</Frequency>
    <ModulationType>Mod256Qam</ModulationType>
    <SymbolRate>6875</SymbolRate><CollectionType>EIT</CollectionType>
  </DVBCTuning>
  <DVBCTuning>
    <Frequency>480000</Frequency>
    <ModulationType>Mod256Qam</ModulationType>
    <SymbolRate>6875</SymbolRate><CollectionType>EIT</CollectionType>
  </DVBCTuning>
  <DVBCTuning>
    <Frequency>488000</Frequency>
    <ModulationType>Mod256Qam</ModulationType>
    <SymbolRate>6875</SymbolRate><CollectionType>EIT</CollectionType>
  </DVBCTuning>
  <DVBCTuning>
    <Frequency>496000</Frequency>
    <ModulationType>Mod256Qam</ModulationType>
    <SymbolRate>6875</SymbolRate><CollectionType>EIT</CollectionType>
  </DVBCTuning>
  <DVBCTuning>
    <Frequency>512000</Frequency>
    <ModulationType>Mod256Qam</ModulationType>
    <SymbolRate>6875</SymbolRate><CollectionType>EIT</CollectionType>
  </DVBCTuning>
  <DVBCTuning>
    <Frequency>520000</Frequency>
    <ModulationType>Mod256Qam</ModulationType>
    <SymbolRate>6875</SymbolRate><CollectionType>EIT</CollectionType>
  </DVBCTuning>
  <DVBCTuning>
    <Frequency>528000</Frequency>
    <ModulationType>Mod256Qam</ModulationType>
    <SymbolRate>6875</SymbolRate><CollectionType>EIT</CollectionType>
  </DVBCTuning>
  <DVBCTuning>
    <Frequency>536000</Frequency>
    <ModulationType>Mod256Qam</ModulationType>
    <SymbolRate>6875</SymbolRate><CollectionType>EIT</CollectionType>
  </DVBCTuning>
  <DVBCTuning>
    <Frequency>544000</Frequency>
    <ModulationType>Mod256Qam</ModulationType>
    <SymbolRate>6875</SymbolRate><CollectionType>EIT</CollectionType>
  </DVBCTuning>
  <DVBCTuning>
    <Frequency>552000</Frequency>
    <ModulationType>Mod256Qam</ModulationType>
    <SymbolRate>6875</SymbolRate><CollectionType>EIT</CollectionType>
  </DVBCTuning>
  <DVBCTuning>
    <Frequency>560000</Frequency>
    <ModulationType>Mod256Qam</ModulationType>
    <SymbolRate>6875</SymbolRate><CollectionType>EIT</CollectionType>
  </DVBCTuning>
  <DVBCTuning>
    <Frequency>568000</Frequency>
    <ModulationType>Mod256Qam</ModulationType>
    <SymbolRate>6875</SymbolRate><CollectionType>EIT</CollectionType>
  </DVBCTuning>
  <DVBCTuning>
    <Frequency>576000</Frequency>
    <ModulationType>Mod256Qam</ModulationType>
    <SymbolRate>6875</SymbolRate><CollectionType>EIT</CollectionType>
  </DVBCTuning>
  <DVBCTuning>
    <Frequency>584000</Frequency>
    <ModulationType>Mod256Qam</ModulationType>
    <SymbolRate>6875</SymbolRate><CollectionType>EIT</CollectionType>
  </DVBCTuning>
  <DVBCTuning>
    <Frequency>592000</Frequency>
    <ModulationType>Mod256Qam</ModulationType>
    <SymbolRate>6875</SymbolRate><CollectionType>EIT</CollectionType>
  </DVBCTuning>
  <DVBCTuning>
    <Frequency>608000</Frequency>
    <ModulationType>Mod256Qam</ModulationType>
    <SymbolRate>6875</SymbolRate><CollectionType>EIT</CollectionType>
  </DVBCTuning>
  <DVBCTuning>
    <Frequency>616000</Frequency>
    <ModulationType>Mod256Qam</ModulationType>
    <SymbolRate>6875</SymbolRate><CollectionType>EIT</CollectionType>
  </DVBCTuning>
  <DVBCTuning>
    <Frequency>624000</Frequency>
    <ModulationType>Mod256Qam</ModulationType>
    <SymbolRate>6875</SymbolRate><CollectionType>EIT</CollectionType>
  </DVBCTuning>
  <DVBCTuning>
    <Frequency>632000</Frequency>
    <ModulationType>Mod256Qam</ModulationType>
    <SymbolRate>6875</SymbolRate><CollectionType>EIT</CollectionType>
  </DVBCTuning>
  <DVBCTuning>
    <Frequency>640000</Frequency>
    <ModulationType>Mod256Qam</ModulationType>
    <SymbolRate>6875</SymbolRate><CollectionType>EIT</CollectionType>
  </DVBCTuning>
  <DVBCTuning>
    <Frequency>648000</Frequency>
    <ModulationType>Mod256Qam</ModulationType>
    <SymbolRate>6875</SymbolRate><CollectionType>EIT</CollectionType>
  </DVBCTuning>
</ArrayOfDVBCTuning>