<?xml version="1.0" encoding="utf-8"?>
<ArrayOfDVBCTuning xmlns:xsi="http://www.w3.org/2001/XMLSchema-instance" xmlns:xsd="http://www.w3.org/2001/XMLSchema">
  <DVBCTuning>
    <Frequency>313000</Frequency>
    <ModulationType>Mod64Qam</ModulationType>
    <SymbolRate>6875</SymbolRate><CollectionType>EIT</CollectionType>
  </DVBCTuning>
  <DVBCTuning>
    <Frequency>361000</Frequency>
    <ModulationType>Mod64Qam</ModulationType>
    <SymbolRate>6875</SymbolRate><CollectionType>EIT</CollectionType>
  </DVBCTuning>
  <DVBCTuning>
    <Frequency>353000</Frequency>
    <ModulationType>Mod64Qam</ModulationType>
    <SymbolRate>6875</SymbolRate><CollectionType>EIT</CollectionType>
  </DVBCTuning>
  <DVBCTuning>
    <Frequency>345000</Frequency>
    <ModulationType>Mod64Qam</ModulationType>
    <SymbolRate>6875</SymbolRate><CollectionType>EIT</CollectionType>
  </DVBCTuning>
  <DVBCTuning>
    <Frequency>412500</Frequency>
    <ModulationType>Mod64Qam</ModulationType>
    <SymbolRate>6875</SymbolRate><CollectionType>EIT</CollectionType>
  </DVBCTuning>
  <DVBCTuning>
    <Frequency>329000</Frequency>
    <ModulationType>Mod64Qam</ModulationType>
    <SymbolRate>6875</SymbolRate><CollectionType>EIT</CollectionType>
  </DVBCTuning>
  <DVBCTuning>
    <Frequency>402000</Frequency>
    <ModulationType>Mod64Qam</ModulationType>
    <SymbolRate>6875</SymbolRate><CollectionType>EIT</CollectionType>
  </DVBCTuning>
  <DVBCTuning>
    <Frequency>305000</Frequency>
    <ModulationType>Mod64Qam</ModulationType>
    <SymbolRate>6875</SymbolRate><CollectionType>EIT</CollectionType>
  </DVBCTuning>
  <DVBCTuning>
    <Frequency>444000</Frequency>
    <ModulationType>Mod64Qam</ModulationType>
    <SymbolRate>6875</SymbolRate><CollectionType>EIT</CollectionType>
  </DVBCTuning>
  <DVBCTuning>
    <Frequency>423000</Frequency>
    <ModulationType>Mod64Qam</ModulationType>
    <SymbolRate>6875</SymbolRate><CollectionType>EIT</CollectionType>
  </DVBCTuning>
  <DVBCTuning>
    <Frequency>433500</Frequency>
    <ModulationType>Mod64Qam</ModulationType>
    <SymbolRate>6875</SymbolRate><CollectionType>EIT</CollectionType>
  </DVBCTuning>
  <DVBCTuning>
    <Frequency>337000</Frequency>
    <ModulationType>Mod64Qam</ModulationType>
    <SymbolRate>6875</SymbolRate><CollectionType>EIT</CollectionType>
  </DVBCTuning>
  <DVBCTuning>
    <Frequency>321000</Frequency>
    <ModulationType>Mod64Qam</ModulationType>
    <SymbolRate>6875</SymbolRate><CollectionType>EIT</CollectionType>
  </DVBCTuning>
  <DVBCTuning>
    <Frequency>247000</Frequency>
    <ModulationType>Mod64Qam</ModulationType>
    <SymbolRate>6875</SymbolRate><CollectionType>EIT</CollectionType>
  </DVBCTuning>
  <DVBCTuning>
    <Frequency>255000</Frequency>
    <ModulationType>Mod64Qam</ModulationType>
    <SymbolRate>6875</SymbolRate><CollectionType>EIT</CollectionType>
  </DVBCTuning>
  <DVBCTuning>
    <Frequency>263000</Frequency>
    <ModulationType>Mod64Qam</ModulationType>
    <SymbolRate>6875</SymbolRate><CollectionType>EIT</CollectionType>
  </DVBCTuning>
  <DVBCTuning>
    <Frequency>369000</Frequency>
    <ModulationType>Mod64Qam</ModulationType>
    <SymbolRate>6875</SymbolRate><CollectionType>EIT</CollectionType>
  </DVBCTuning>
  <DVBCTuning>
    <Frequency>295000</Frequency>
    <ModulationType>Mod64Qam</ModulationType>
    <SymbolRate>6875</SymbolRate><CollectionType>EIT</CollectionType>
  </DVBCTuning>
  <DVBCTuning>
    <Frequency>236500</Frequency>
    <ModulationType>Mod64Qam</ModulationType>
    <SymbolRate>6875</SymbolRate><CollectionType>EIT</CollectionType>
  </DVBCTuning>
  <DVBCTuning>
    <Frequency>168000</Frequency>
    <ModulationType>Mod64Qam</ModulationType>
    <SymbolRate>6875</SymbolRate><CollectionType>EIT</CollectionType>
  </DVBCTuning>
  <DVBCTuning>
    <Frequency>148000</Frequency>
    <ModulationType>Mod64Qam</ModulationType>
    <SymbolRate>6875</SymbolRate><CollectionType>EIT</CollectionType>
  </DVBCTuning>
  <DVBCTuning>
    <Frequency>137500</Frequency>
    <ModulationType>Mod64Qam</ModulationType>
    <SymbolRate>6875</SymbolRate><CollectionType>EIT</CollectionType>
  </DVBCTuning>
  <DVBCTuning>
    <Frequency>158000</Frequency>
    <ModulationType>Mod64Qam</ModulationType>
    <SymbolRate>6875</SymbolRate><CollectionType>EIT</CollectionType>
  </DVBCTuning>
  <DVBCTuning>
    <Frequency>271000</Frequency>
    <ModulationType>Mod64Qam</ModulationType>
    <SymbolRate>6875</SymbolRate><CollectionType>EIT</CollectionType>
  </DVBCTuning>
  <DVBCTuning>
    <Frequency>770000</Frequency>
    <ModulationType>Mod64Qam</ModulationType>
    <SymbolRate>6875</SymbolRate><CollectionType>EIT</CollectionType>
  </DVBCTuning>
  <DVBCTuning>
    <Frequency>287000</Frequency>
    <ModulationType>Mod64Qam</ModulationType>
    <SymbolRate>6875</SymbolRate><CollectionType>EIT</CollectionType>
  </DVBCTuning>
  <DVBCTuning>
    <Frequency>279000</Frequency>
    <ModulationType>Mod64Qam</ModulationType>
    <SymbolRate>6875</SymbolRate><CollectionType>EIT</CollectionType>
  </DVBCTuning>
</ArrayOfDVBCTuning>