<?xml version="1.0" encoding="utf-8"?>
<ArrayOfTransponder xmlns:xsi="http://www.w3.org/2001/XMLSchema-instance" xmlns:xsd="http://www.w3.org/2001/XMLSchema">
  <Transponder>
    <CarrierFrequency>3680000</CarrierFrequency>
    <Polarisation>LinearH</Polarisation>
    <SymbolRate>26670</SymbolRate>
    <Modulation>ModNotSet</Modulation>
    <InnerFecRate>Rate3_4</InnerFecRate>
    <CollectionType>EIT</CollectionType>
  </Transponder>
  <Transponder>
    <CarrierFrequency>3706000</CarrierFrequency>
    <Polarisation>LinearH</Polarisation>
    <SymbolRate>6000</SymbolRate>
    <Modulation>ModNotSet</Modulation>
    <InnerFecRate>Rate3_4</InnerFecRate>
    <CollectionType>EIT</CollectionType>
  </Transponder>
  <Transponder>
    <CarrierFrequency>3725000</CarrierFrequency>
    <Polarisation>LinearV</Polarisation>
    <SymbolRate>4450</SymbolRate>
    <Modulation>ModNotSet</Modulation>
    <InnerFecRate>Rate3_4</InnerFecRate>
    <CollectionType>EIT</CollectionType>
  </Transponder>
  <Transponder>
    <CarrierFrequency>3729000</CarrierFrequency>
    <Polarisation>LinearH</Polarisation>
    <SymbolRate>13650</SymbolRate>
    <Modulation>ModNotSet</Modulation>
    <InnerFecRate>Rate3_4</InnerFecRate>
    <CollectionType>EIT</CollectionType>
  </Transponder>
  <Transponder>
    <CarrierFrequency>3732000</CarrierFrequency>
    <Polarisation>LinearV</Polarisation>
    <SymbolRate>6500</SymbolRate>
    <Modulation>ModNotSet</Modulation>
    <InnerFecRate>Rate3_4</InnerFecRate>
    <CollectionType>EIT</CollectionType>
  </Transponder>
  <Transponder>
    <CarrierFrequency>3739000</CarrierFrequency>
    <Polarisation>LinearV</Polarisation>
    <SymbolRate>2815</SymbolRate>
    <Modulation>ModNotSet</Modulation>
    <InnerFecRate>Rate3_4</InnerFecRate>
    <CollectionType>EIT</CollectionType>
  </Transponder>
  <Transponder>
    <CarrierFrequency>3745000</CarrierFrequency>
    <Polarisation>LinearV</Polarisation>
    <SymbolRate>2626</SymbolRate>
    <Modulation>ModNotSet</Modulation>
    <InnerFecRate>Rate3_4</InnerFecRate>
    <CollectionType>EIT</CollectionType>
  </Transponder>
  <Transponder>
    <CarrierFrequency>3750000</CarrierFrequency>
    <Polarisation>LinearV</Polarisation>
    <SymbolRate>2821</SymbolRate>
    <Modulation>ModNotSet</Modulation>
    <InnerFecRate>Rate3_4</InnerFecRate>
    <CollectionType>EIT</CollectionType>
  </Transponder>
  <Transponder>
    <CarrierFrequency>3755000</CarrierFrequency>
    <Polarisation>LinearV</Polarisation>
    <SymbolRate>4418</SymbolRate>
    <Modulation>ModNotSet</Modulation>
    <InnerFecRate>Rate7_8</InnerFecRate>
    <CollectionType>EIT</CollectionType>
  </Transponder>
  <Transponder>
    <CarrierFrequency>3760000</CarrierFrequency>
    <Polarisation>LinearH</Polarisation>
    <SymbolRate>26000</SymbolRate>
    <Modulation>ModNotSet</Modulation>
    <InnerFecRate>Rate7_8</InnerFecRate>
    <CollectionType>EIT</CollectionType>
  </Transponder>
  <Transponder>
    <CarrierFrequency>3780000</CarrierFrequency>
    <Polarisation>LinearV</Polarisation>
    <SymbolRate>28100</SymbolRate>
    <Modulation>ModNotSet</Modulation>
    <InnerFecRate>Rate3_4</InnerFecRate>
    <CollectionType>EIT</CollectionType>
  </Transponder>
  <Transponder>
    <CarrierFrequency>3785000</CarrierFrequency>
    <Polarisation>LinearH</Polarisation>
    <SymbolRate>5700</SymbolRate>
    <Modulation>ModNotSet</Modulation>
    <InnerFecRate>Rate3_4</InnerFecRate>
    <CollectionType>EIT</CollectionType>
  </Transponder>
  <Transponder>
    <CarrierFrequency>3817000</CarrierFrequency>
    <Polarisation>LinearH</Polarisation>
    <SymbolRate>2310</SymbolRate>
    <Modulation>ModNotSet</Modulation>
    <InnerFecRate>Rate3_4</InnerFecRate>
    <CollectionType>EIT</CollectionType>
  </Transponder>
  <Transponder>
    <CarrierFrequency>3820000</CarrierFrequency>
    <Polarisation>LinearV</Polarisation>
    <SymbolRate>27500</SymbolRate>
    <Modulation>ModNotSet</Modulation>
    <InnerFecRate>Rate3_4</InnerFecRate>
    <CollectionType>EIT</CollectionType>
  </Transponder>
  <Transponder>
    <CarrierFrequency>3840000</CarrierFrequency>
    <Polarisation>LinearH</Polarisation>
    <SymbolRate>26850</SymbolRate>
    <Modulation>ModNotSet</Modulation>
    <InnerFecRate>Rate7_8</InnerFecRate>
    <CollectionType>EIT</CollectionType>
  </Transponder>
  <Transponder>
    <CarrierFrequency>3860000</CarrierFrequency>
    <Polarisation>LinearV</Polarisation>
    <SymbolRate>27500</SymbolRate>
    <Modulation>ModNotSet</Modulation>
    <InnerFecRate>Rate3_4</InnerFecRate>
    <CollectionType>EIT</CollectionType>
  </Transponder>
  <Transponder>
    <CarrierFrequency>3880000</CarrierFrequency>
    <Polarisation>LinearH</Polarisation>
    <SymbolRate>27500</SymbolRate>
    <Modulation>ModNotSet</Modulation>
    <InnerFecRate>Rate3_4</InnerFecRate>
    <CollectionType>EIT</CollectionType>
  </Transponder>
  <Transponder>
    <CarrierFrequency>3895000</CarrierFrequency>
    <Polarisation>LinearV</Polarisation>
    <SymbolRate>6111</SymbolRate>
    <Modulation>ModNotSet</Modulation>
    <InnerFecRate>Rate3_4</InnerFecRate>
    <CollectionType>EIT</CollectionType>
  </Transponder>
  <Transponder>
    <CarrierFrequency>3940000</CarrierFrequency>
    <Polarisation>LinearV</Polarisation>
    <SymbolRate>28100</SymbolRate>
    <Modulation>ModNotSet</Modulation>
    <InnerFecRate>Rate3_4</InnerFecRate>
    <CollectionType>EIT</CollectionType>
  </Transponder>
  <Transponder>
    <CarrierFrequency>3960000</CarrierFrequency>
    <Polarisation>LinearH</Polarisation>
    <SymbolRate>27500</SymbolRate>
    <Modulation>ModNotSet</Modulation>
    <InnerFecRate>Rate3_4</InnerFecRate>
    <CollectionType>EIT</CollectionType>
  </Transponder>
  <Transponder>
    <CarrierFrequency>3980000</CarrierFrequency>
    <Polarisation>LinearV</Polarisation>
    <SymbolRate>28100</SymbolRate>
    <Modulation>ModNotSet</Modulation>
    <InnerFecRate>Rate3_4</InnerFecRate>
    <CollectionType>EIT</CollectionType>
  </Transponder>
  <Transponder>
    <CarrierFrequency>4000000</CarrierFrequency>
    <Polarisation>LinearH</Polarisation>
    <SymbolRate>26850</SymbolRate>
    <Modulation>ModNotSet</Modulation>
    <InnerFecRate>Rate7_8</InnerFecRate>
    <CollectionType>EIT</CollectionType>
  </Transponder>
  <Transponder>
    <CarrierFrequency>4020000</CarrierFrequency>
    <Polarisation>LinearV</Polarisation>
    <SymbolRate>27250</SymbolRate>
    <Modulation>ModNotSet</Modulation>
    <InnerFecRate>Rate3_4</InnerFecRate>
    <CollectionType>EIT</CollectionType>
  </Transponder>
  <Transponder>
    <CarrierFrequency>4040000</CarrierFrequency>
    <Polarisation>LinearH</Polarisation>
    <SymbolRate>26500</SymbolRate>
    <Modulation>ModNotSet</Modulation>
    <InnerFecRate>Rate1_2</InnerFecRate>
    <CollectionType>EIT</CollectionType>
  </Transponder>
  <Transponder>
    <CarrierFrequency>4071000</CarrierFrequency>
    <Polarisation>LinearH</Polarisation>
    <SymbolRate>14240</SymbolRate>
    <Modulation>ModNotSet</Modulation>
    <InnerFecRate>Rate3_4</InnerFecRate>
    <CollectionType>EIT</CollectionType>
  </Transponder>
  <Transponder>
    <CarrierFrequency>4091000</CarrierFrequency>
    <Polarisation>LinearV</Polarisation>
    <SymbolRate>13333</SymbolRate>
    <Modulation>ModNotSet</Modulation>
    <InnerFecRate>Rate3_4</InnerFecRate>
    <CollectionType>EIT</CollectionType>
  </Transponder>
  <Transponder>
    <CarrierFrequency>4095000</CarrierFrequency>
    <Polarisation>LinearH</Polarisation>
    <SymbolRate>5554</SymbolRate>
    <Modulation>ModNotSet</Modulation>
    <InnerFecRate>Rate3_4</InnerFecRate>
    <CollectionType>EIT</CollectionType>
  </Transponder>
  <Transponder>
    <CarrierFrequency>4102000</CarrierFrequency>
    <Polarisation>LinearV</Polarisation>
    <SymbolRate>2894</SymbolRate>
    <Modulation>ModNotSet</Modulation>
    <InnerFecRate>Rate3_4</InnerFecRate>
    <CollectionType>EIT</CollectionType>
  </Transponder>
  <Transponder>
    <CarrierFrequency>4106000</CarrierFrequency>
    <Polarisation>LinearV</Polarisation>
    <SymbolRate>2894</SymbolRate>
    <Modulation>ModNotSet</Modulation>
    <InnerFecRate>Rate3_4</InnerFecRate>
    <CollectionType>EIT</CollectionType>
  </Transponder>
  <Transponder>
    <CarrierFrequency>4111000</CarrierFrequency>
    <Polarisation>LinearH</Polarisation>
    <SymbolRate>13650</SymbolRate>
    <Modulation>ModNotSet</Modulation>
    <InnerFecRate>Rate3_4</InnerFecRate>
    <CollectionType>EIT</CollectionType>
  </Transponder>
  <Transponder>
    <CarrierFrequency>4114000</CarrierFrequency>
    <Polarisation>LinearV</Polarisation>
    <SymbolRate>7000</SymbolRate>
    <Modulation>ModNotSet</Modulation>
    <InnerFecRate>Rate3_4</InnerFecRate>
    <CollectionType>EIT</CollectionType>
  </Transponder>
  <Transponder>
    <CarrierFrequency>4132000</CarrierFrequency>
    <Polarisation>LinearH</Polarisation>
    <SymbolRate>9200</SymbolRate>
    <Modulation>ModNotSet</Modulation>
    <InnerFecRate>Rate3_4</InnerFecRate>
    <CollectionType>EIT</CollectionType>
  </Transponder>
  <Transponder>
    <CarrierFrequency>4140000</CarrierFrequency>
    <Polarisation>LinearV</Polarisation>
    <SymbolRate>27500</SymbolRate>
    <Modulation>ModNotSet</Modulation>
    <InnerFecRate>Rate3_4</InnerFecRate>
    <CollectionType>EIT</CollectionType>
  </Transponder>
  <Transponder>
    <CarrierFrequency>4180000</CarrierFrequency>
    <Polarisation>LinearV</Polarisation>
    <SymbolRate>26666</SymbolRate>
    <Modulation>ModNotSet</Modulation>
    <InnerFecRate>Rate3_4</InnerFecRate>
    <CollectionType>EIT</CollectionType>
  </Transponder>
  <Transponder>
    <CarrierFrequency>12325000</CarrierFrequency>
    <Polarisation>LinearV</Polarisation>
    <SymbolRate>3255</SymbolRate>
    <Modulation>ModNotSet</Modulation>
    <InnerFecRate>Rate3_4</InnerFecRate>
    <CollectionType>EIT</CollectionType>
  </Transponder>
  <Transponder>
    <CarrierFrequency>12352000</CarrierFrequency>
    <Polarisation>LinearV</Polarisation>
    <SymbolRate>30000</SymbolRate>
    <Modulation>ModNotSet</Modulation>
    <InnerFecRate>Rate3_4</InnerFecRate>
    <CollectionType>EIT</CollectionType>
  </Transponder>
  <Transponder>
    <CarrierFrequency>12374000</CarrierFrequency>
    <Polarisation>LinearV</Polarisation>
    <SymbolRate>3100</SymbolRate>
    <Modulation>ModNotSet</Modulation>
    <InnerFecRate>Rate3_4</InnerFecRate>
    <CollectionType>EIT</CollectionType>
  </Transponder>
  <Transponder>
    <CarrierFrequency>12378000</CarrierFrequency>
    <Polarisation>LinearV</Polarisation>
    <SymbolRate>3100</SymbolRate>
    <Modulation>ModNotSet</Modulation>
    <InnerFecRate>Rate3_4</InnerFecRate>
    <CollectionType>EIT</CollectionType>
  </Transponder>
  <Transponder>
    <CarrierFrequency>12383000</CarrierFrequency>
    <Polarisation>LinearV</Polarisation>
    <SymbolRate>3100</SymbolRate>
    <Modulation>ModNotSet</Modulation>
    <InnerFecRate>Rate3_4</InnerFecRate>
    <CollectionType>EIT</CollectionType>
  </Transponder>
  <Transponder>
    <CarrierFrequency>12402000</CarrierFrequency>
    <Polarisation>LinearH</Polarisation>
    <SymbolRate>4000</SymbolRate>
    <Modulation>ModNotSet</Modulation>
    <InnerFecRate>Rate5_6</InnerFecRate>
    <CollectionType>EIT</CollectionType>
  </Transponder>
  <Transponder>
    <CarrierFrequency>12465000</CarrierFrequency>
    <Polarisation>LinearV</Polarisation>
    <SymbolRate>3100</SymbolRate>
    <Modulation>ModNotSet</Modulation>
    <InnerFecRate>Rate3_4</InnerFecRate>
    <CollectionType>EIT</CollectionType>
  </Transponder>
  <Transponder>
    <CarrierFrequency>12469000</CarrierFrequency>
    <Polarisation>LinearV</Polarisation>
    <SymbolRate>2900</SymbolRate>
    <Modulation>ModNotSet</Modulation>
    <InnerFecRate>Rate3_4</InnerFecRate>
    <CollectionType>EIT</CollectionType>
  </Transponder>
  <Transponder>
    <CarrierFrequency>12471000</CarrierFrequency>
    <Polarisation>LinearH</Polarisation>
    <SymbolRate>20000</SymbolRate>
    <Modulation>ModNotSet</Modulation>
    <InnerFecRate>Rate2_3</InnerFecRate>
    <CollectionType>EIT</CollectionType>
  </Transponder>
  <Transponder>
    <CarrierFrequency>12495000</CarrierFrequency>
    <Polarisation>LinearH</Polarisation>
    <SymbolRate>2000</SymbolRate>
    <Modulation>ModNotSet</Modulation>
    <InnerFecRate>Rate3_4</InnerFecRate>
    <CollectionType>EIT</CollectionType>
  </Transponder>
  <Transponder>
    <CarrierFrequency>12511000</CarrierFrequency>
    <Polarisation>LinearH</Polarisation>
    <SymbolRate>4340</SymbolRate>
    <Modulation>ModNotSet</Modulation>
    <InnerFecRate>Rate3_4</InnerFecRate>
    <CollectionType>EIT</CollectionType>
  </Transponder>
  <Transponder>
    <CarrierFrequency>12596000</CarrierFrequency>
    <Polarisation>LinearV</Polarisation>
    <SymbolRate>30000</SymbolRate>
    <Modulation>ModNotSet</Modulation>
    <InnerFecRate>Rate5_6</InnerFecRate>
    <CollectionType>EIT</CollectionType>
  </Transponder>
  <Transponder>
    <CarrierFrequency>12635000</CarrierFrequency>
    <Polarisation>LinearV</Polarisation>
    <SymbolRate>3000</SymbolRate>
    <Modulation>ModNotSet</Modulation>
    <InnerFecRate>Rate3_4</InnerFecRate>
    <CollectionType>EIT</CollectionType>
  </Transponder>
  <Transponder>
    <CarrierFrequency>12640000</CarrierFrequency>
    <Polarisation>LinearV</Polarisation>
    <SymbolRate>3000</SymbolRate>
    <Modulation>ModNotSet</Modulation>
    <InnerFecRate>Rate3_4</InnerFecRate>
    <CollectionType>EIT</CollectionType>
  </Transponder>
  <Transponder>
    <CarrierFrequency>12666000</CarrierFrequency>
    <Polarisation>LinearV</Polarisation>
    <SymbolRate>8350</SymbolRate>
    <Modulation>ModNotSet</Modulation>
    <InnerFecRate>Rate3_4</InnerFecRate>
    <CollectionType>EIT</CollectionType>
  </Transponder>
  <Transponder>
    <CarrierFrequency>12673000</CarrierFrequency>
    <Polarisation>LinearV</Polarisation>
    <SymbolRate>3100</SymbolRate>
    <Modulation>ModNotSet</Modulation>
    <InnerFecRate>Rate3_4</InnerFecRate>
    <CollectionType>EIT</CollectionType>
  </Transponder>
  <Transponder>
    <CarrierFrequency>12677000</CarrierFrequency>
    <Polarisation>LinearV</Polarisation>
    <SymbolRate>3100</SymbolRate>
    <Modulation>ModNotSet</Modulation>
    <InnerFecRate>Rate3_4</InnerFecRate>
    <CollectionType>EIT</CollectionType>
  </Transponder>
  <Transponder>
    <CarrierFrequency>12678000</CarrierFrequency>
    <Polarisation>LinearH</Polarisation>
    <SymbolRate>5632</SymbolRate>
    <Modulation>ModNotSet</Modulation>
    <InnerFecRate>Rate3_4</InnerFecRate>
    <CollectionType>EIT</CollectionType>
  </Transponder>
  <Transponder>
    <CarrierFrequency>12683000</CarrierFrequency>
    <Polarisation>LinearV</Polarisation>
    <SymbolRate>5800</SymbolRate>
    <Modulation>ModNotSet</Modulation>
    <InnerFecRate>Rate3_4</InnerFecRate>
    <CollectionType>EIT</CollectionType>
  </Transponder>
  <Transponder>
    <CarrierFrequency>12696000</CarrierFrequency>
    <Polarisation>LinearH</Polarisation>
    <SymbolRate>5632</SymbolRate>
    <Modulation>ModNotSet</Modulation>
    <InnerFecRate>Rate3_4</InnerFecRate>
    <CollectionType>EIT</CollectionType>
  </Transponder>
  <Transponder>
    <CarrierFrequency>3920000</CarrierFrequency>
    <Polarisation>LinearH</Polarisation>
    <SymbolRate>26666</SymbolRate>
    <Modulation>Mod8Psk</Modulation>
    <InnerFecRate>Rate7_8</InnerFecRate>
    <Pilot>On</Pilot>
    <Rolloff>ThirtyFive</Rolloff>
  </Transponder>
</ArrayOfTransponder>