<?xml version="1.0" encoding="utf-8"?>
<ArrayOfTransponder xmlns:xsi="http://www.w3.org/2001/XMLSchema-instance" xmlns:xsd="http://www.w3.org/2001/XMLSchema">
  <Transponder>
    <CarrierFrequency>3720000</CarrierFrequency>
    <Polarisation>LinearV</Polarisation>
    <SymbolRate>5700</SymbolRate>
    <Modulation>ModNotSet</Modulation>
    <InnerFecRate>Rate3_4</InnerFecRate>
    <CollectionType>EIT</CollectionType>
  </Transponder>
  <Transponder>
    <CarrierFrequency>3767000</CarrierFrequency>
    <Polarisation>LinearH</Polarisation>
    <SymbolRate>3616</SymbolRate>
    <Modulation>ModNotSet</Modulation>
    <InnerFecRate>Rate3_4</InnerFecRate>
    <CollectionType>EIT</CollectionType>
  </Transponder>
  <Transponder>
    <CarrierFrequency>3806000</CarrierFrequency>
    <Polarisation>LinearH</Polarisation>
    <SymbolRate>5387</SymbolRate>
    <Modulation>ModNotSet</Modulation>
    <InnerFecRate>Rate7_8</InnerFecRate>
    <CollectionType>EIT</CollectionType>
  </Transponder>
  <Transponder>
    <CarrierFrequency>3824000</CarrierFrequency>
    <Polarisation>LinearV</Polarisation>
    <SymbolRate>2100</SymbolRate>
    <Modulation>ModNotSet</Modulation>
    <InnerFecRate>Rate3_4</InnerFecRate>
    <CollectionType>EIT</CollectionType>
  </Transponder>
  <Transponder>
    <CarrierFrequency>3905000</CarrierFrequency>
    <Polarisation>LinearH</Polarisation>
    <SymbolRate>2500</SymbolRate>
    <Modulation>ModNotSet</Modulation>
    <InnerFecRate>Rate3_4</InnerFecRate>
    <CollectionType>EIT</CollectionType>
  </Transponder>
  <Transponder>
    <CarrierFrequency>3909000</CarrierFrequency>
    <Polarisation>LinearH</Polarisation>
    <SymbolRate>2825</SymbolRate>
    <Modulation>ModNotSet</Modulation>
    <InnerFecRate>Rate3_4</InnerFecRate>
    <CollectionType>EIT</CollectionType>
  </Transponder>
  <Transponder>
    <CarrierFrequency>3984000</CarrierFrequency>
    <Polarisation>LinearV</Polarisation>
    <SymbolRate>3617</SymbolRate>
    <Modulation>ModNotSet</Modulation>
    <InnerFecRate>Rate1_2</InnerFecRate>
    <CollectionType>EIT</CollectionType>
  </Transponder>
  <Transponder>
    <CarrierFrequency>4125000</CarrierFrequency>
    <Polarisation>LinearV</Polarisation>
    <SymbolRate>4420</SymbolRate>
    <Modulation>ModNotSet</Modulation>
    <InnerFecRate>Rate3_4</InnerFecRate>
    <CollectionType>EIT</CollectionType>
  </Transponder>
  <Transponder>
    <CarrierFrequency>4136000</CarrierFrequency>
    <Polarisation>LinearV</Polarisation>
    <SymbolRate>4340</SymbolRate>
    <Modulation>ModNotSet</Modulation>
    <InnerFecRate>Rate3_4</InnerFecRate>
    <CollectionType>EIT</CollectionType>
  </Transponder>
  <Transponder>
    <CarrierFrequency>12500000</CarrierFrequency>
    <Polarisation>LinearV</Polarisation>
    <SymbolRate>27500</SymbolRate>
    <Modulation>ModNotSet</Modulation>
    <InnerFecRate>Rate3_4</InnerFecRate>
    <CollectionType>EIT</CollectionType>
  </Transponder>
</ArrayOfTransponder>