<?xml version="1.0" encoding="utf-8"?>
<ArrayOfTransponder xmlns:xsi="http://www.w3.org/2001/XMLSchema-instance" xmlns:xsd="http://www.w3.org/2001/XMLSchema">
  <Transponder>
    <CarrierFrequency>3707000</CarrierFrequency>
    <Polarisation>LinearH</Polarisation>
    <SymbolRate>5632</SymbolRate>
    <Modulation>ModNotSet</Modulation>
    <InnerFecRate>Rate3_4</InnerFecRate>
    <CollectionType>EIT</CollectionType>
  </Transponder>
  <Transponder>
    <CarrierFrequency>3714000</CarrierFrequency>
    <Polarisation>LinearH</Polarisation>
    <SymbolRate>4340</SymbolRate>
    <Modulation>ModNotSet</Modulation>
    <InnerFecRate>Rate7_8</InnerFecRate>
    <CollectionType>EIT</CollectionType>
  </Transponder>
  <Transponder>
    <CarrierFrequency>3719000</CarrierFrequency>
    <Polarisation>LinearH</Polarisation>
    <SymbolRate>3000</SymbolRate>
    <Modulation>ModNotSet</Modulation>
    <InnerFecRate>Rate7_8</InnerFecRate>
    <CollectionType>EIT</CollectionType>
  </Transponder>
  <Transponder>
    <CarrierFrequency>3724000</CarrierFrequency>
    <Polarisation>LinearH</Polarisation>
    <SymbolRate>3002</SymbolRate>
    <Modulation>ModNotSet</Modulation>
    <InnerFecRate>Rate3_4</InnerFecRate>
    <CollectionType>EIT</CollectionType>
  </Transponder>
  <Transponder>
    <CarrierFrequency>3732000</CarrierFrequency>
    <Polarisation>LinearV</Polarisation>
    <SymbolRate>13235</SymbolRate>
    <Modulation>ModNotSet</Modulation>
    <InnerFecRate>Rate3_4</InnerFecRate>
    <CollectionType>EIT</CollectionType>
  </Transponder>
  <Transponder>
    <CarrierFrequency>3750000</CarrierFrequency>
    <Polarisation>LinearV</Polarisation>
    <SymbolRate>14029</SymbolRate>
    <Modulation>ModNotSet</Modulation>
    <InnerFecRate>Rate3_4</InnerFecRate>
    <CollectionType>EIT</CollectionType>
  </Transponder>
  <Transponder>
    <CarrierFrequency>3777000</CarrierFrequency>
    <Polarisation>LinearH</Polarisation>
    <SymbolRate>1860</SymbolRate>
    <Modulation>ModNotSet</Modulation>
    <InnerFecRate>Rate7_8</InnerFecRate>
    <CollectionType>EIT</CollectionType>
  </Transponder>
  <Transponder>
    <CarrierFrequency>3780000</CarrierFrequency>
    <Polarisation>LinearV</Polarisation>
    <SymbolRate>29270</SymbolRate>
    <Modulation>ModNotSet</Modulation>
    <InnerFecRate>Rate7_8</InnerFecRate>
    <CollectionType>EIT</CollectionType>
  </Transponder>
  <Transponder>
    <CarrierFrequency>3800000</CarrierFrequency>
    <Polarisation>LinearH</Polarisation>
    <SymbolRate>19510</SymbolRate>
    <Modulation>ModNotSet</Modulation>
    <InnerFecRate>Rate3_4</InnerFecRate>
    <CollectionType>EIT</CollectionType>
  </Transponder>
  <Transponder>
    <CarrierFrequency>3815000</CarrierFrequency>
    <Polarisation>LinearV</Polarisation>
    <SymbolRate>19510</SymbolRate>
    <Modulation>ModNotSet</Modulation>
    <InnerFecRate>Rate3_4</InnerFecRate>
    <CollectionType>EIT</CollectionType>
  </Transponder>
  <Transponder>
    <CarrierFrequency>3832000</CarrierFrequency>
    <Polarisation>LinearV</Polarisation>
    <SymbolRate>4880</SymbolRate>
    <Modulation>ModNotSet</Modulation>
    <InnerFecRate>Rate3_4</InnerFecRate>
    <CollectionType>EIT</CollectionType>
  </Transponder>
  <Transponder>
    <CarrierFrequency>3869000</CarrierFrequency>
    <Polarisation>LinearV</Polarisation>
    <SymbolRate>10851</SymbolRate>
    <Modulation>ModNotSet</Modulation>
    <InnerFecRate>RateNotSet</InnerFecRate>
    <CollectionType>EIT</CollectionType>
  </Transponder>
  <Transponder>
    <CarrierFrequency>3877000</CarrierFrequency>
    <Polarisation>LinearH</Polarisation>
    <SymbolRate>4444</SymbolRate>
    <Modulation>ModNotSet</Modulation>
    <InnerFecRate>Rate3_4</InnerFecRate>
    <CollectionType>EIT</CollectionType>
  </Transponder>
  <Transponder>
    <CarrierFrequency>3889000</CarrierFrequency>
    <Polarisation>LinearH</Polarisation>
    <SymbolRate>13020</SymbolRate>
    <Modulation>ModNotSet</Modulation>
    <InnerFecRate>Rate3_4</InnerFecRate>
    <CollectionType>EIT</CollectionType>
  </Transponder>
  <Transponder>
    <CarrierFrequency>3900000</CarrierFrequency>
    <Polarisation>LinearV</Polarisation>
    <SymbolRate>27684</SymbolRate>
    <Modulation>ModNotSet</Modulation>
    <InnerFecRate>Rate3_4</InnerFecRate>
    <CollectionType>EIT</CollectionType>
  </Transponder>
  <Transponder>
    <CarrierFrequency>3930000</CarrierFrequency>
    <Polarisation>LinearH</Polarisation>
    <SymbolRate>14140</SymbolRate>
    <Modulation>ModNotSet</Modulation>
    <InnerFecRate>RateNotSet</InnerFecRate>
    <CollectionType>EIT</CollectionType>
  </Transponder>
  <Transponder>
    <CarrierFrequency>3940000</CarrierFrequency>
    <Polarisation>LinearV</Polarisation>
    <SymbolRate>29270</SymbolRate>
    <Modulation>ModNotSet</Modulation>
    <InnerFecRate>Rate7_8</InnerFecRate>
    <CollectionType>EIT</CollectionType>
  </Transponder>
  <Transponder>
    <CarrierFrequency>3966000</CarrierFrequency>
    <Polarisation>LinearH</Polarisation>
    <SymbolRate>7437</SymbolRate>
    <Modulation>ModNotSet</Modulation>
    <InnerFecRate>RateNotSet</InnerFecRate>
    <CollectionType>EIT</CollectionType>
  </Transponder>
  <Transponder>
    <CarrierFrequency>3975000</CarrierFrequency>
    <Polarisation>LinearH</Polarisation>
    <SymbolRate>6203</SymbolRate>
    <Modulation>ModNotSet</Modulation>
    <InnerFecRate>RateNotSet</InnerFecRate>
    <CollectionType>EIT</CollectionType>
  </Transponder>
  <Transponder>
    <CarrierFrequency>3980000</CarrierFrequency>
    <Polarisation>LinearV</Polarisation>
    <SymbolRate>27690</SymbolRate>
    <Modulation>ModNotSet</Modulation>
    <InnerFecRate>Rate3_4</InnerFecRate>
    <CollectionType>EIT</CollectionType>
  </Transponder>
  <Transponder>
    <CarrierFrequency>4000000</CarrierFrequency>
    <Polarisation>LinearH</Polarisation>
    <SymbolRate>19510</SymbolRate>
    <Modulation>ModNotSet</Modulation>
    <InnerFecRate>Rate3_4</InnerFecRate>
    <CollectionType>EIT</CollectionType>
  </Transponder>
  <Transponder>
    <CarrierFrequency>4020000</CarrierFrequency>
    <Polarisation>LinearV</Polarisation>
    <SymbolRate>29270</SymbolRate>
    <Modulation>ModNotSet</Modulation>
    <InnerFecRate>Rate3_4</InnerFecRate>
    <CollectionType>EIT</CollectionType>
  </Transponder>
  <Transponder>
    <CarrierFrequency>4051000</CarrierFrequency>
    <Polarisation>LinearV</Polarisation>
    <SymbolRate>13333</SymbolRate>
    <Modulation>ModNotSet</Modulation>
    <InnerFecRate>Rate3_4</InnerFecRate>
    <CollectionType>EIT</CollectionType>
  </Transponder>
  <Transponder>
    <CarrierFrequency>4069000</CarrierFrequency>
    <Polarisation>LinearV</Polarisation>
    <SymbolRate>14034</SymbolRate>
    <Modulation>ModNotSet</Modulation>
    <InnerFecRate>Rate3_4</InnerFecRate>
    <CollectionType>EIT</CollectionType>
  </Transponder>
  <Transponder>
    <CarrierFrequency>4100000</CarrierFrequency>
    <Polarisation>LinearV</Polarisation>
    <SymbolRate>29270</SymbolRate>
    <Modulation>ModNotSet</Modulation>
    <InnerFecRate>Rate3_4</InnerFecRate>
    <CollectionType>EIT</CollectionType>
  </Transponder>
  <Transponder>
    <CarrierFrequency>4134000</CarrierFrequency>
    <Polarisation>LinearH</Polarisation>
    <SymbolRate>3300</SymbolRate>
    <Modulation>ModNotSet</Modulation>
    <InnerFecRate>Rate3_4</InnerFecRate>
    <CollectionType>EIT</CollectionType>
  </Transponder>
  <Transponder>
    <CarrierFrequency>4160000</CarrierFrequency>
    <Polarisation>LinearH</Polarisation>
    <SymbolRate>19510</SymbolRate>
    <Modulation>ModNotSet</Modulation>
    <InnerFecRate>Rate3_4</InnerFecRate>
    <CollectionType>EIT</CollectionType>
  </Transponder>
  <Transponder>
    <CarrierFrequency>11715000</CarrierFrequency>
    <Polarisation>LinearV</Polarisation>
    <SymbolRate>6510</SymbolRate>
    <Modulation>ModNotSet</Modulation>
    <InnerFecRate>RateNotSet</InnerFecRate>
    <CollectionType>EIT</CollectionType>
  </Transponder>
  <Transponder>
    <CarrierFrequency>11724000</CarrierFrequency>
    <Polarisation>LinearV</Polarisation>
    <SymbolRate>6510</SymbolRate>
    <Modulation>ModNotSet</Modulation>
    <InnerFecRate>RateNotSet</InnerFecRate>
    <CollectionType>EIT</CollectionType>
  </Transponder>
  <Transponder>
    <CarrierFrequency>11899000</CarrierFrequency>
    <Polarisation>LinearV</Polarisation>
    <SymbolRate>20000</SymbolRate>
    <Modulation>ModNotSet</Modulation>
    <InnerFecRate>Rate3_4</InnerFecRate>
    <CollectionType>EIT</CollectionType>
  </Transponder>
  <Transponder>
    <CarrierFrequency>11928000</CarrierFrequency>
    <Polarisation>LinearV</Polarisation>
    <SymbolRate>20000</SymbolRate>
    <Modulation>ModNotSet</Modulation>
    <InnerFecRate>Rate3_4</InnerFecRate>
    <CollectionType>EIT</CollectionType>
  </Transponder>
  <Transponder>
    <CarrierFrequency>11957000</CarrierFrequency>
    <Polarisation>LinearV</Polarisation>
    <SymbolRate>20000</SymbolRate>
    <Modulation>ModNotSet</Modulation>
    <InnerFecRate>Rate1_2</InnerFecRate>
    <CollectionType>EIT</CollectionType>
  </Transponder>
  <Transponder>
    <CarrierFrequency>11972000</CarrierFrequency>
    <Polarisation>LinearH</Polarisation>
    <SymbolRate>20000</SymbolRate>
    <Modulation>ModNotSet</Modulation>
    <InnerFecRate>Rate1_2</InnerFecRate>
    <CollectionType>EIT</CollectionType>
  </Transponder>
  <Transponder>
    <CarrierFrequency>12016000</CarrierFrequency>
    <Polarisation>LinearV</Polarisation>
    <SymbolRate>20000</SymbolRate>
    <Modulation>ModNotSet</Modulation>
    <InnerFecRate>Rate3_4</InnerFecRate>
    <CollectionType>EIT</CollectionType>
  </Transponder>
  <Transponder>
    <CarrierFrequency>12167000</CarrierFrequency>
    <Polarisation>LinearH</Polarisation>
    <SymbolRate>6000</SymbolRate>
    <Modulation>ModNotSet</Modulation>
    <InnerFecRate>RateNotSet</InnerFecRate>
    <CollectionType>EIT</CollectionType>
  </Transponder>
  <Transponder>
    <CarrierFrequency>12176000</CarrierFrequency>
    <Polarisation>LinearH</Polarisation>
    <SymbolRate>6113</SymbolRate>
    <Modulation>ModNotSet</Modulation>
    <InnerFecRate>RateNotSet</InnerFecRate>
    <CollectionType>EIT</CollectionType>
  </Transponder>
</ArrayOfTransponder>