<?xml version="1.0" encoding="utf-8"?>
<ArrayOfTransponder xmlns:xsi="http://www.w3.org/2001/XMLSchema-instance" xmlns:xsd="http://www.w3.org/2001/XMLSchema">
  <Transponder>
    <CarrierFrequency>3740000</CarrierFrequency>
    <Polarisation>LinearH</Polarisation>
    <SymbolRate>19510</SymbolRate>
    <Modulation>ModNotSet</Modulation>
    <InnerFecRate>Rate3_4</InnerFecRate>
    <CollectionType>EIT</CollectionType>
  </Transponder>
  <Transponder>
    <CarrierFrequency>3780000</CarrierFrequency>
    <Polarisation>LinearH</Polarisation>
    <SymbolRate>29200</SymbolRate>
    <Modulation>ModNotSet</Modulation>
    <InnerFecRate>Rate3_4</InnerFecRate>
    <CollectionType>EIT</CollectionType>
  </Transponder>
  <Transponder>
    <CarrierFrequency>3820000</CarrierFrequency>
    <Polarisation>LinearH</Polarisation>
    <SymbolRate>29270</SymbolRate>
    <Modulation>ModNotSet</Modulation>
    <InnerFecRate>Rate3_4</InnerFecRate>
    <CollectionType>EIT</CollectionType>
  </Transponder>
  <Transponder>
    <CarrierFrequency>3840000</CarrierFrequency>
    <Polarisation>LinearV</Polarisation>
    <SymbolRate>29270</SymbolRate>
    <Modulation>ModNotSet</Modulation>
    <InnerFecRate>Rate3_4</InnerFecRate>
    <CollectionType>EIT</CollectionType>
  </Transponder>
  <Transponder>
    <CarrierFrequency>3860000</CarrierFrequency>
    <Polarisation>LinearH</Polarisation>
    <SymbolRate>11965</SymbolRate>
    <Modulation>ModNotSet</Modulation>
    <InnerFecRate>Rate5_6</InnerFecRate>
    <CollectionType>EIT</CollectionType>
  </Transponder>
  <Transponder>
    <CarrierFrequency>3915000</CarrierFrequency>
    <Polarisation>LinearH</Polarisation>
    <SymbolRate>3980</SymbolRate>
    <Modulation>ModNotSet</Modulation>
    <InnerFecRate>Rate3_4</InnerFecRate>
    <CollectionType>EIT</CollectionType>
  </Transponder>
  <Transponder>
    <CarrierFrequency>3920000</CarrierFrequency>
    <Polarisation>LinearV</Polarisation>
    <SymbolRate>29270</SymbolRate>
    <Modulation>ModNotSet</Modulation>
    <InnerFecRate>Rate3_4</InnerFecRate>
    <CollectionType>EIT</CollectionType>
  </Transponder>
  <Transponder>
    <CarrierFrequency>3960000</CarrierFrequency>
    <Polarisation>LinearV</Polarisation>
    <SymbolRate>29270</SymbolRate>
    <Modulation>ModNotSet</Modulation>
    <InnerFecRate>Rate3_4</InnerFecRate>
    <CollectionType>EIT</CollectionType>
  </Transponder>
  <Transponder>
    <CarrierFrequency>3980000</CarrierFrequency>
    <Polarisation>LinearH</Polarisation>
    <SymbolRate>29270</SymbolRate>
    <Modulation>ModNotSet</Modulation>
    <InnerFecRate>Rate3_4</InnerFecRate>
    <CollectionType>EIT</CollectionType>
  </Transponder>
  <Transponder>
    <CarrierFrequency>4005000</CarrierFrequency>
    <Polarisation>LinearV</Polarisation>
    <SymbolRate>19510</SymbolRate>
    <Modulation>ModNotSet</Modulation>
    <InnerFecRate>Rate3_4</InnerFecRate>
    <CollectionType>EIT</CollectionType>
  </Transponder>
  <Transponder>
    <CarrierFrequency>4020000</CarrierFrequency>
    <Polarisation>LinearH</Polarisation>
    <SymbolRate>19510</SymbolRate>
    <Modulation>ModNotSet</Modulation>
    <InnerFecRate>Rate3_4</InnerFecRate>
    <CollectionType>EIT</CollectionType>
  </Transponder>
  <Transponder>
    <CarrierFrequency>4040000</CarrierFrequency>
    <Polarisation>LinearV</Polarisation>
    <SymbolRate>29270</SymbolRate>
    <Modulation>ModNotSet</Modulation>
    <InnerFecRate>Rate3_4</InnerFecRate>
    <CollectionType>EIT</CollectionType>
  </Transponder>
  <Transponder>
    <CarrierFrequency>4067000</CarrierFrequency>
    <Polarisation>LinearV</Polarisation>
    <SymbolRate>4880</SymbolRate>
    <Modulation>ModNotSet</Modulation>
    <InnerFecRate>Rate3_4</InnerFecRate>
    <CollectionType>EIT</CollectionType>
  </Transponder>
  <Transponder>
    <CarrierFrequency>4100000</CarrierFrequency>
    <Polarisation>LinearH</Polarisation>
    <SymbolRate>29270</SymbolRate>
    <Modulation>ModNotSet</Modulation>
    <InnerFecRate>Rate3_4</InnerFecRate>
    <CollectionType>EIT</CollectionType>
  </Transponder>
  <Transponder>
    <CarrierFrequency>4120000</CarrierFrequency>
    <Polarisation>LinearV</Polarisation>
    <SymbolRate>29270</SymbolRate>
    <Modulation>ModNotSet</Modulation>
    <InnerFecRate>Rate3_4</InnerFecRate>
    <CollectionType>EIT</CollectionType>
  </Transponder>
  <Transponder>
    <CarrierFrequency>4180000</CarrierFrequency>
    <Polarisation>LinearH</Polarisation>
    <SymbolRate>29270</SymbolRate>
    <Modulation>ModNotSet</Modulation>
    <InnerFecRate>Rate7_8</InnerFecRate>
    <CollectionType>EIT</CollectionType>
  </Transponder>
  <Transponder>
    <CarrierFrequency>3760000</CarrierFrequency>
    <Polarisation>LinearV</Polarisation>
    <SymbolRate>30000</SymbolRate>
    <Modulation>Mod8Psk</Modulation>
    <InnerFecRate>Rate5_6</InnerFecRate>
    <Pilot>On</Pilot>
    <Rolloff>ThirtyFive</Rolloff>
  </Transponder>
  <Transponder>
    <CarrierFrequency>3800000</CarrierFrequency>
    <Polarisation>LinearV</Polarisation>
    <SymbolRate>30000</SymbolRate>
    <Modulation>Mod8Psk</Modulation>
    <InnerFecRate>Rate8_9</InnerFecRate>
    <Pilot>On</Pilot>
    <Rolloff>ThirtyFive</Rolloff>
  </Transponder>
</ArrayOfTransponder>