<?xml version="1.0" encoding="utf-8"?>
<ArrayOfTransponder xmlns:xsi="http://www.w3.org/2001/XMLSchema-instance" xmlns:xsd="http://www.w3.org/2001/XMLSchema">
  <Transponder>
    <CarrierFrequency>3714000</CarrierFrequency>
    <Polarisation>CircularL</Polarisation>
    <SymbolRate>2914</SymbolRate>
    <Modulation>ModNotSet</Modulation>
    <InnerFecRate>Rate7_8</InnerFecRate>
    <CollectionType>EIT</CollectionType>
  </Transponder>
  <Transponder>
    <CarrierFrequency>3715000</CarrierFrequency>
    <Polarisation>CircularR</Polarisation>
    <SymbolRate>8448</SymbolRate>
    <Modulation>ModNotSet</Modulation>
    <InnerFecRate>Rate1_2</InnerFecRate>
    <CollectionType>EIT</CollectionType>
  </Transponder>
  <Transponder>
    <CarrierFrequency>3732000</CarrierFrequency>
    <Polarisation>CircularR</Polarisation>
    <SymbolRate>14000</SymbolRate>
    <Modulation>ModNotSet</Modulation>
    <InnerFecRate>Rate3_4</InnerFecRate>
    <CollectionType>EIT</CollectionType>
  </Transponder>
  <Transponder>
    <CarrierFrequency>3764000</CarrierFrequency>
    <Polarisation>CircularR</Polarisation>
    <SymbolRate>24450</SymbolRate>
    <Modulation>ModNotSet</Modulation>
    <InnerFecRate>Rate3_4</InnerFecRate>
    <CollectionType>EIT</CollectionType>
  </Transponder>
  <Transponder>
    <CarrierFrequency>3784000</CarrierFrequency>
    <Polarisation>CircularL</Polarisation>
    <SymbolRate>6510</SymbolRate>
    <Modulation>ModNotSet</Modulation>
    <InnerFecRate>Rate2_3</InnerFecRate>
    <CollectionType>EIT</CollectionType>
  </Transponder>
  <Transponder>
    <CarrierFrequency>3791000</CarrierFrequency>
    <Polarisation>CircularL</Polarisation>
    <SymbolRate>6510</SymbolRate>
    <Modulation>ModNotSet</Modulation>
    <InnerFecRate>Rate2_3</InnerFecRate>
    <CollectionType>EIT</CollectionType>
  </Transponder>
  <Transponder>
    <CarrierFrequency>3794000</CarrierFrequency>
    <Polarisation>CircularL</Polarisation>
    <SymbolRate>4400</SymbolRate>
    <Modulation>ModNotSet</Modulation>
    <InnerFecRate>RateNotSet</InnerFecRate>
    <CollectionType>EIT</CollectionType>
  </Transponder>
  <Transponder>
    <CarrierFrequency>3803000</CarrierFrequency>
    <Polarisation>CircularR</Polarisation>
    <SymbolRate>2000</SymbolRate>
    <Modulation>ModNotSet</Modulation>
    <InnerFecRate>RateNotSet</InnerFecRate>
    <CollectionType>EIT</CollectionType>
  </Transponder>
  <Transponder>
    <CarrierFrequency>3831000</CarrierFrequency>
    <Polarisation>CircularR</Polarisation>
    <SymbolRate>5787</SymbolRate>
    <Modulation>ModNotSet</Modulation>
    <InnerFecRate>Rate3_4</InnerFecRate>
    <CollectionType>EIT</CollectionType>
  </Transponder>
  <Transponder>
    <CarrierFrequency>3841000</CarrierFrequency>
    <Polarisation>CircularR</Polarisation>
    <SymbolRate>10850</SymbolRate>
    <Modulation>ModNotSet</Modulation>
    <InnerFecRate>Rate3_4</InnerFecRate>
    <CollectionType>EIT</CollectionType>
  </Transponder>
  <Transponder>
    <CarrierFrequency>3873000</CarrierFrequency>
    <Polarisation>CircularL</Polarisation>
    <SymbolRate>3200</SymbolRate>
    <Modulation>ModNotSet</Modulation>
    <InnerFecRate>RateNotSet</InnerFecRate>
    <CollectionType>EIT</CollectionType>
  </Transponder>
  <Transponder>
    <CarrierFrequency>3898000</CarrierFrequency>
    <Polarisation>CircularR</Polarisation>
    <SymbolRate>2893</SymbolRate>
    <Modulation>ModNotSet</Modulation>
    <InnerFecRate>Rate3_4</InnerFecRate>
    <CollectionType>EIT</CollectionType>
  </Transponder>
  <Transponder>
    <CarrierFrequency>3898000</CarrierFrequency>
    <Polarisation>CircularL</Polarisation>
    <SymbolRate>2893</SymbolRate>
    <Modulation>ModNotSet</Modulation>
    <InnerFecRate>Rate3_4</InnerFecRate>
    <CollectionType>EIT</CollectionType>
  </Transponder>
  <Transponder>
    <CarrierFrequency>3902000</CarrierFrequency>
    <Polarisation>CircularR</Polarisation>
    <SymbolRate>1807</SymbolRate>
    <Modulation>ModNotSet</Modulation>
    <InnerFecRate>Rate3_4</InnerFecRate>
    <CollectionType>EIT</CollectionType>
  </Transponder>
  <Transponder>
    <CarrierFrequency>3930000</CarrierFrequency>
    <Polarisation>CircularL</Polarisation>
    <SymbolRate>6365</SymbolRate>
    <Modulation>ModNotSet</Modulation>
    <InnerFecRate>RateNotSet</InnerFecRate>
    <CollectionType>EIT</CollectionType>
  </Transponder>
  <Transponder>
    <CarrierFrequency>3935000</CarrierFrequency>
    <Polarisation>CircularL</Polarisation>
    <SymbolRate>3544</SymbolRate>
    <Modulation>ModNotSet</Modulation>
    <InnerFecRate>RateNotSet</InnerFecRate>
    <CollectionType>EIT</CollectionType>
  </Transponder>
  <Transponder>
    <CarrierFrequency>3936000</CarrierFrequency>
    <Polarisation>CircularR</Polarisation>
    <SymbolRate>4550</SymbolRate>
    <Modulation>ModNotSet</Modulation>
    <InnerFecRate>Rate1_2</InnerFecRate>
    <CollectionType>EIT</CollectionType>
  </Transponder>
  <Transponder>
    <CarrierFrequency>3943000</CarrierFrequency>
    <Polarisation>CircularL</Polarisation>
    <SymbolRate>1808</SymbolRate>
    <Modulation>ModNotSet</Modulation>
    <InnerFecRate>Rate3_4</InnerFecRate>
    <CollectionType>EIT</CollectionType>
  </Transponder>
  <Transponder>
    <CarrierFrequency>4003000</CarrierFrequency>
    <Polarisation>CircularL</Polarisation>
    <SymbolRate>5632</SymbolRate>
    <Modulation>ModNotSet</Modulation>
    <InnerFecRate>Rate3_4</InnerFecRate>
    <CollectionType>EIT</CollectionType>
  </Transponder>
  <Transponder>
    <CarrierFrequency>4048000</CarrierFrequency>
    <Polarisation>CircularR</Polarisation>
    <SymbolRate>7000</SymbolRate>
    <Modulation>ModNotSet</Modulation>
    <InnerFecRate>Rate3_4</InnerFecRate>
    <CollectionType>EIT</CollectionType>
  </Transponder>
  <Transponder>
    <CarrierFrequency>4060000</CarrierFrequency>
    <Polarisation>CircularL</Polarisation>
    <SymbolRate>5632</SymbolRate>
    <Modulation>ModNotSet</Modulation>
    <InnerFecRate>Rate3_4</InnerFecRate>
    <CollectionType>EIT</CollectionType>
  </Transponder>
  <Transponder>
    <CarrierFrequency>4069000</CarrierFrequency>
    <Polarisation>CircularL</Polarisation>
    <SymbolRate>4100</SymbolRate>
    <Modulation>ModNotSet</Modulation>
    <InnerFecRate>Rate3_4</InnerFecRate>
    <CollectionType>EIT</CollectionType>
  </Transponder>
  <Transponder>
    <CarrierFrequency>11015000</CarrierFrequency>
    <Polarisation>LinearV</Polarisation>
    <SymbolRate>5632</SymbolRate>
    <Modulation>ModNotSet</Modulation>
    <InnerFecRate>Rate3_4</InnerFecRate>
    <CollectionType>EIT</CollectionType>
  </Transponder>
  <Transponder>
    <CarrierFrequency>11050000</CarrierFrequency>
    <Polarisation>LinearH</Polarisation>
    <SymbolRate>17100</SymbolRate>
    <Modulation>ModNotSet</Modulation>
    <InnerFecRate>Rate7_8</InnerFecRate>
    <CollectionType>EIT</CollectionType>
  </Transponder>
  <Transponder>
    <CarrierFrequency>11070000</CarrierFrequency>
    <Polarisation>LinearV</Polarisation>
    <SymbolRate>6111</SymbolRate>
    <Modulation>ModNotSet</Modulation>
    <InnerFecRate>Rate3_4</InnerFecRate>
    <CollectionType>EIT</CollectionType>
  </Transponder>
  <Transponder>
    <CarrierFrequency>11079000</CarrierFrequency>
    <Polarisation>LinearV</Polarisation>
    <SymbolRate>3720</SymbolRate>
    <Modulation>ModNotSet</Modulation>
    <InnerFecRate>Rate7_8</InnerFecRate>
    <CollectionType>EIT</CollectionType>
  </Transponder>
  <Transponder>
    <CarrierFrequency>11084000</CarrierFrequency>
    <Polarisation>LinearV</Polarisation>
    <SymbolRate>3720</SymbolRate>
    <Modulation>ModNotSet</Modulation>
    <InnerFecRate>Rate7_8</InnerFecRate>
    <CollectionType>EIT</CollectionType>
  </Transponder>
  <Transponder>
    <CarrierFrequency>11090000</CarrierFrequency>
    <Polarisation>LinearV</Polarisation>
    <SymbolRate>3720</SymbolRate>
    <Modulation>ModNotSet</Modulation>
    <InnerFecRate>Rate7_8</InnerFecRate>
    <CollectionType>EIT</CollectionType>
  </Transponder>
  <Transponder>
    <CarrierFrequency>11096000</CarrierFrequency>
    <Polarisation>LinearV</Polarisation>
    <SymbolRate>3720</SymbolRate>
    <Modulation>ModNotSet</Modulation>
    <InnerFecRate>Rate7_8</InnerFecRate>
    <CollectionType>EIT</CollectionType>
  </Transponder>
  <Transponder>
    <CarrierFrequency>11102000</CarrierFrequency>
    <Polarisation>LinearV</Polarisation>
    <SymbolRate>3720</SymbolRate>
    <Modulation>ModNotSet</Modulation>
    <InnerFecRate>Rate7_8</InnerFecRate>
    <CollectionType>EIT</CollectionType>
  </Transponder>
  <Transponder>
    <CarrierFrequency>11108000</CarrierFrequency>
    <Polarisation>LinearV</Polarisation>
    <SymbolRate>3720</SymbolRate>
    <Modulation>ModNotSet</Modulation>
    <InnerFecRate>Rate7_8</InnerFecRate>
    <CollectionType>EIT</CollectionType>
  </Transponder>
  <Transponder>
    <CarrierFrequency>11542000</CarrierFrequency>
    <Polarisation>LinearV</Polarisation>
    <SymbolRate>3720</SymbolRate>
    <Modulation>ModNotSet</Modulation>
    <InnerFecRate>Rate7_8</InnerFecRate>
    <CollectionType>EIT</CollectionType>
  </Transponder>
  <Transponder>
    <CarrierFrequency>11546000</CarrierFrequency>
    <Polarisation>LinearV</Polarisation>
    <SymbolRate>3720</SymbolRate>
    <Modulation>ModNotSet</Modulation>
    <InnerFecRate>Rate7_8</InnerFecRate>
    <CollectionType>EIT</CollectionType>
  </Transponder>
  <Transponder>
    <CarrierFrequency>11552000</CarrierFrequency>
    <Polarisation>LinearV</Polarisation>
    <SymbolRate>3720</SymbolRate>
    <Modulation>ModNotSet</Modulation>
    <InnerFecRate>Rate7_8</InnerFecRate>
    <CollectionType>EIT</CollectionType>
  </Transponder>
  <Transponder>
    <CarrierFrequency>11609000</CarrierFrequency>
    <Polarisation>LinearV</Polarisation>
    <SymbolRate>5632</SymbolRate>
    <Modulation>ModNotSet</Modulation>
    <InnerFecRate>Rate3_4</InnerFecRate>
    <CollectionType>EIT</CollectionType>
  </Transponder>
  <Transponder>
    <CarrierFrequency>11665000</CarrierFrequency>
    <Polarisation>LinearV</Polarisation>
    <SymbolRate>13021</SymbolRate>
    <Modulation>ModNotSet</Modulation>
    <InnerFecRate>Rate5_6</InnerFecRate>
    <CollectionType>EIT</CollectionType>
  </Transponder>
  <Transponder>
    <CarrierFrequency>3795000</CarrierFrequency>
    <Polarisation>CircularR</Polarisation>
    <SymbolRate>7000</SymbolRate>
    <Modulation>Mod8Psk</Modulation>
    <InnerFecRate>Rate2_3</InnerFecRate>
    <Pilot>On</Pilot>
    <Rolloff>ThirtyFive</Rolloff>
  </Transponder>
  <Transponder>
    <CarrierFrequency>3855000</CarrierFrequency>
    <Polarisation>CircularL</Polarisation>
    <SymbolRate>4600</SymbolRate>
    <Modulation>Mod8Psk</Modulation>
    <InnerFecRate>Rate3_5</InnerFecRate>
    <Pilot>On</Pilot>
    <Rolloff>ThirtyFive</Rolloff>
  </Transponder>
  <Transponder>
    <CarrierFrequency>11495000</CarrierFrequency>
    <Polarisation>LinearV</Polarisation>
    <SymbolRate>44100</SymbolRate>
    <Modulation>Mod8Psk</Modulation>
    <InnerFecRate>Rate9_10</InnerFecRate>
    <Pilot>On</Pilot>
    <Rolloff>ThirtyFive</Rolloff>
  </Transponder>
  <Transponder>
    <CarrierFrequency>11555000</CarrierFrequency>
    <Polarisation>LinearH</Polarisation>
    <SymbolRate>30000</SymbolRate>
    <Modulation>Mod8Psk</Modulation>
    <InnerFecRate>Rate3_4</InnerFecRate>
    <Pilot>On</Pilot>
    <Rolloff>ThirtyFive</Rolloff>
  </Transponder>
</ArrayOfTransponder>