<?xml version="1.0" encoding="utf-8"?>
<ArrayOfTransponder xmlns:xsi="http://www.w3.org/2001/XMLSchema-instance" xmlns:xsd="http://www.w3.org/2001/XMLSchema">
  <Transponder>
    <CarrierFrequency>10958000</CarrierFrequency>
    <Polarisation>LinearH</Polarisation>
    <SymbolRate>6111</SymbolRate>
    <Modulation>ModNotSet</Modulation>
    <InnerFecRate>Rate3_4</InnerFecRate>
    <CollectionType>EIT</CollectionType>
  </Transponder>
  <Transponder>
    <CarrierFrequency>10966000</CarrierFrequency>
    <Polarisation>LinearH</Polarisation>
    <SymbolRate>6111</SymbolRate>
    <Modulation>ModNotSet</Modulation>
    <InnerFecRate>Rate3_4</InnerFecRate>
    <CollectionType>EIT</CollectionType>
  </Transponder>
  <Transponder>
    <CarrierFrequency>10982000</CarrierFrequency>
    <Polarisation>LinearV</Polarisation>
    <SymbolRate>3500</SymbolRate>
    <Modulation>ModNotSet</Modulation>
    <InnerFecRate>Rate7_8</InnerFecRate>
    <CollectionType>EIT</CollectionType>
  </Transponder>
  <Transponder>
    <CarrierFrequency>11043000</CarrierFrequency>
    <Polarisation>LinearH</Polarisation>
    <SymbolRate>6111</SymbolRate>
    <Modulation>ModNotSet</Modulation>
    <InnerFecRate>Rate3_4</InnerFecRate>
    <CollectionType>EIT</CollectionType>
  </Transponder>
  <Transponder>
    <CarrierFrequency>11053000</CarrierFrequency>
    <Polarisation>LinearH</Polarisation>
    <SymbolRate>6666</SymbolRate>
    <Modulation>ModNotSet</Modulation>
    <InnerFecRate>Rate7_8</InnerFecRate>
    <CollectionType>EIT</CollectionType>
  </Transponder>
  <Transponder>
    <CarrierFrequency>11053000</CarrierFrequency>
    <Polarisation>LinearV</Polarisation>
    <SymbolRate>2893</SymbolRate>
    <Modulation>ModNotSet</Modulation>
    <InnerFecRate>Rate3_4</InnerFecRate>
    <CollectionType>EIT</CollectionType>
  </Transponder>
  <Transponder>
    <CarrierFrequency>11062000</CarrierFrequency>
    <Polarisation>LinearH</Polarisation>
    <SymbolRate>6666</SymbolRate>
    <Modulation>ModNotSet</Modulation>
    <InnerFecRate>Rate7_8</InnerFecRate>
    <CollectionType>EIT</CollectionType>
  </Transponder>
  <Transponder>
    <CarrierFrequency>11071000</CarrierFrequency>
    <Polarisation>LinearH</Polarisation>
    <SymbolRate>6666</SymbolRate>
    <Modulation>ModNotSet</Modulation>
    <InnerFecRate>Rate7_8</InnerFecRate>
    <CollectionType>EIT</CollectionType>
  </Transponder>
  <Transponder>
    <CarrierFrequency>11080000</CarrierFrequency>
    <Polarisation>LinearH</Polarisation>
    <SymbolRate>6666</SymbolRate>
    <Modulation>ModNotSet</Modulation>
    <InnerFecRate>Rate7_8</InnerFecRate>
    <CollectionType>EIT</CollectionType>
  </Transponder>
  <Transponder>
    <CarrierFrequency>11088000</CarrierFrequency>
    <Polarisation>LinearH</Polarisation>
    <SymbolRate>6666</SymbolRate>
    <Modulation>ModNotSet</Modulation>
    <InnerFecRate>Rate7_8</InnerFecRate>
    <CollectionType>EIT</CollectionType>
  </Transponder>
  <Transponder>
    <CarrierFrequency>11088000</CarrierFrequency>
    <Polarisation>LinearV</Polarisation>
    <SymbolRate>5700</SymbolRate>
    <Modulation>ModNotSet</Modulation>
    <InnerFecRate>Rate3_4</InnerFecRate>
    <CollectionType>EIT</CollectionType>
  </Transponder>
  <Transponder>
    <CarrierFrequency>11097000</CarrierFrequency>
    <Polarisation>LinearH</Polarisation>
    <SymbolRate>6666</SymbolRate>
    <Modulation>ModNotSet</Modulation>
    <InnerFecRate>Rate7_8</InnerFecRate>
    <CollectionType>EIT</CollectionType>
  </Transponder>
  <Transponder>
    <CarrierFrequency>11106000</CarrierFrequency>
    <Polarisation>LinearH</Polarisation>
    <SymbolRate>6666</SymbolRate>
    <Modulation>ModNotSet</Modulation>
    <InnerFecRate>Rate7_8</InnerFecRate>
    <CollectionType>EIT</CollectionType>
  </Transponder>
  <Transponder>
    <CarrierFrequency>11109000</CarrierFrequency>
    <Polarisation>LinearV</Polarisation>
    <SymbolRate>3418</SymbolRate>
    <Modulation>ModNotSet</Modulation>
    <InnerFecRate>Rate2_3</InnerFecRate>
    <CollectionType>EIT</CollectionType>
  </Transponder>
  <Transponder>
    <CarrierFrequency>11142000</CarrierFrequency>
    <Polarisation>LinearH</Polarisation>
    <SymbolRate>30000</SymbolRate>
    <Modulation>ModNotSet</Modulation>
    <InnerFecRate>Rate3_4</InnerFecRate>
    <CollectionType>EIT</CollectionType>
  </Transponder>
  <Transponder>
    <CarrierFrequency>11457000</CarrierFrequency>
    <Polarisation>LinearV</Polarisation>
    <SymbolRate>2300</SymbolRate>
    <Modulation>ModNotSet</Modulation>
    <InnerFecRate>Rate2_3</InnerFecRate>
    <CollectionType>EIT</CollectionType>
  </Transponder>
  <Transponder>
    <CarrierFrequency>11476000</CarrierFrequency>
    <Polarisation>LinearH</Polarisation>
    <SymbolRate>29000</SymbolRate>
    <Modulation>ModNotSet</Modulation>
    <InnerFecRate>Rate3_4</InnerFecRate>
    <CollectionType>EIT</CollectionType>
  </Transponder>
  <Transponder>
    <CarrierFrequency>11486000</CarrierFrequency>
    <Polarisation>LinearV</Polarisation>
    <SymbolRate>2100</SymbolRate>
    <Modulation>ModNotSet</Modulation>
    <InnerFecRate>Rate5_6</InnerFecRate>
    <CollectionType>EIT</CollectionType>
  </Transponder>
  <Transponder>
    <CarrierFrequency>11505000</CarrierFrequency>
    <Polarisation>LinearV</Polarisation>
    <SymbolRate>2100</SymbolRate>
    <Modulation>ModNotSet</Modulation>
    <InnerFecRate>Rate5_6</InnerFecRate>
    <CollectionType>EIT</CollectionType>
  </Transponder>
  <Transponder>
    <CarrierFrequency>11507000</CarrierFrequency>
    <Polarisation>LinearH</Polarisation>
    <SymbolRate>30000</SymbolRate>
    <Modulation>ModNotSet</Modulation>
    <InnerFecRate>Rate3_4</InnerFecRate>
    <CollectionType>EIT</CollectionType>
  </Transponder>
  <Transponder>
    <CarrierFrequency>11516000</CarrierFrequency>
    <Polarisation>LinearV</Polarisation>
    <SymbolRate>2500</SymbolRate>
    <Modulation>ModNotSet</Modulation>
    <InnerFecRate>Rate3_4</InnerFecRate>
    <CollectionType>EIT</CollectionType>
  </Transponder>
  <Transponder>
    <CarrierFrequency>11559000</CarrierFrequency>
    <Polarisation>LinearH</Polarisation>
    <SymbolRate>29000</SymbolRate>
    <Modulation>ModNotSet</Modulation>
    <InnerFecRate>Rate3_4</InnerFecRate>
    <CollectionType>EIT</CollectionType>
  </Transponder>
  <Transponder>
    <CarrierFrequency>11590000</CarrierFrequency>
    <Polarisation>LinearH</Polarisation>
    <SymbolRate>30000</SymbolRate>
    <Modulation>ModNotSet</Modulation>
    <InnerFecRate>Rate3_4</InnerFecRate>
    <CollectionType>EIT</CollectionType>
  </Transponder>
  <Transponder>
    <CarrierFrequency>11626000</CarrierFrequency>
    <Polarisation>LinearV</Polarisation>
    <SymbolRate>5632</SymbolRate>
    <Modulation>ModNotSet</Modulation>
    <InnerFecRate>Rate3_4</InnerFecRate>
    <CollectionType>EIT</CollectionType>
  </Transponder>
  <Transponder>
    <CarrierFrequency>11633000</CarrierFrequency>
    <Polarisation>LinearV</Polarisation>
    <SymbolRate>5787</SymbolRate>
    <Modulation>ModNotSet</Modulation>
    <InnerFecRate>Rate3_4</InnerFecRate>
    <CollectionType>EIT</CollectionType>
  </Transponder>
  <Transponder>
    <CarrierFrequency>11642000</CarrierFrequency>
    <Polarisation>LinearH</Polarisation>
    <SymbolRate>2530</SymbolRate>
    <Modulation>ModNotSet</Modulation>
    <InnerFecRate>Rate3_4</InnerFecRate>
    <CollectionType>EIT</CollectionType>
  </Transponder>
  <Transponder>
    <CarrierFrequency>11642000</CarrierFrequency>
    <Polarisation>LinearV</Polarisation>
    <SymbolRate>2894</SymbolRate>
    <Modulation>ModNotSet</Modulation>
    <InnerFecRate>Rate3_4</InnerFecRate>
    <CollectionType>EIT</CollectionType>
  </Transponder>
  <Transponder>
    <CarrierFrequency>11645000</CarrierFrequency>
    <Polarisation>LinearV</Polarisation>
    <SymbolRate>2170</SymbolRate>
    <Modulation>ModNotSet</Modulation>
    <InnerFecRate>Rate3_4</InnerFecRate>
    <CollectionType>EIT</CollectionType>
  </Transponder>
  <Transponder>
    <CarrierFrequency>11648000</CarrierFrequency>
    <Polarisation>LinearV</Polarisation>
    <SymbolRate>3111</SymbolRate>
    <Modulation>ModNotSet</Modulation>
    <InnerFecRate>Rate3_4</InnerFecRate>
    <CollectionType>EIT</CollectionType>
  </Transponder>
  <Transponder>
    <CarrierFrequency>11652000</CarrierFrequency>
    <Polarisation>LinearV</Polarisation>
    <SymbolRate>3111</SymbolRate>
    <Modulation>ModNotSet</Modulation>
    <InnerFecRate>Rate3_4</InnerFecRate>
    <CollectionType>EIT</CollectionType>
  </Transponder>
  <Transponder>
    <CarrierFrequency>11664000</CarrierFrequency>
    <Polarisation>LinearV</Polarisation>
    <SymbolRate>6666</SymbolRate>
    <Modulation>ModNotSet</Modulation>
    <InnerFecRate>Rate7_8</InnerFecRate>
    <CollectionType>EIT</CollectionType>
  </Transponder>
  <Transponder>
    <CarrierFrequency>11679000</CarrierFrequency>
    <Polarisation>LinearH</Polarisation>
    <SymbolRate>5000</SymbolRate>
    <Modulation>ModNotSet</Modulation>
    <InnerFecRate>Rate3_4</InnerFecRate>
    <CollectionType>EIT</CollectionType>
  </Transponder>
  <Transponder>
    <CarrierFrequency>11727000</CarrierFrequency>
    <Polarisation>CircularL</Polarisation>
    <SymbolRate>27500</SymbolRate>
    <Modulation>ModNotSet</Modulation>
    <InnerFecRate>Rate3_4</InnerFecRate>
    <CollectionType>EIT</CollectionType>
  </Transponder>
  <Transponder>
    <CarrierFrequency>11747000</CarrierFrequency>
    <Polarisation>LinearH</Polarisation>
    <SymbolRate>27500</SymbolRate>
    <Modulation>ModNotSet</Modulation>
    <InnerFecRate>Rate1_2</InnerFecRate>
    <CollectionType>EIT</CollectionType>
  </Transponder>
  <Transponder>
    <CarrierFrequency>11900000</CarrierFrequency>
    <Polarisation>LinearH</Polarisation>
    <SymbolRate>27500</SymbolRate>
    <Modulation>ModNotSet</Modulation>
    <InnerFecRate>Rate7_8</InnerFecRate>
    <CollectionType>EIT</CollectionType>
  </Transponder>
  <Transponder>
    <CarrierFrequency>12130000</CarrierFrequency>
    <Polarisation>LinearH</Polarisation>
    <SymbolRate>27500</SymbolRate>
    <Modulation>ModNotSet</Modulation>
    <InnerFecRate>Rate7_8</InnerFecRate>
    <CollectionType>EIT</CollectionType>
  </Transponder>
  <Transponder>
    <CarrierFrequency>12169000</CarrierFrequency>
    <Polarisation>LinearH</Polarisation>
    <SymbolRate>27500</SymbolRate>
    <Modulation>ModNotSet</Modulation>
    <InnerFecRate>Rate3_4</InnerFecRate>
    <CollectionType>EIT</CollectionType>
  </Transponder>
  <Transponder>
    <CarrierFrequency>12175000</CarrierFrequency>
    <Polarisation>CircularL</Polarisation>
    <SymbolRate>4340</SymbolRate>
    <Modulation>ModNotSet</Modulation>
    <InnerFecRate>Rate3_4</InnerFecRate>
    <CollectionType>EIT</CollectionType>
  </Transponder>
  <Transponder>
    <CarrierFrequency>12190000</CarrierFrequency>
    <Polarisation>CircularL</Polarisation>
    <SymbolRate>20000</SymbolRate>
    <Modulation>ModNotSet</Modulation>
    <InnerFecRate>Rate3_4</InnerFecRate>
    <CollectionType>EIT</CollectionType>
  </Transponder>
  <Transponder>
    <CarrierFrequency>12207000</CarrierFrequency>
    <Polarisation>LinearH</Polarisation>
    <SymbolRate>27500</SymbolRate>
    <Modulation>ModNotSet</Modulation>
    <InnerFecRate>Rate3_4</InnerFecRate>
    <CollectionType>EIT</CollectionType>
  </Transponder>
  <Transponder>
    <CarrierFrequency>12226000</CarrierFrequency>
    <Polarisation>CircularL</Polarisation>
    <SymbolRate>27500</SymbolRate>
    <Modulation>ModNotSet</Modulation>
    <InnerFecRate>Rate3_4</InnerFecRate>
    <CollectionType>EIT</CollectionType>
  </Transponder>
  <Transponder>
    <CarrierFrequency>12245000</CarrierFrequency>
    <Polarisation>CircularR</Polarisation>
    <SymbolRate>27500</SymbolRate>
    <Modulation>ModNotSet</Modulation>
    <InnerFecRate>Rate3_4</InnerFecRate>
    <CollectionType>EIT</CollectionType>
  </Transponder>
  <Transponder>
    <CarrierFrequency>12265000</CarrierFrequency>
    <Polarisation>CircularL</Polarisation>
    <SymbolRate>27500</SymbolRate>
    <Modulation>ModNotSet</Modulation>
    <InnerFecRate>Rate3_4</InnerFecRate>
    <CollectionType>EIT</CollectionType>
  </Transponder>
  <Transponder>
    <CarrierFrequency>12284000</CarrierFrequency>
    <Polarisation>CircularR</Polarisation>
    <SymbolRate>27500</SymbolRate>
    <Modulation>ModNotSet</Modulation>
    <InnerFecRate>Rate3_4</InnerFecRate>
    <CollectionType>EIT</CollectionType>
  </Transponder>
  <Transponder>
    <CarrierFrequency>12284000</CarrierFrequency>
    <Polarisation>LinearH</Polarisation>
    <SymbolRate>26480</SymbolRate>
    <Modulation>ModNotSet</Modulation>
    <InnerFecRate>Rate1_2</InnerFecRate>
    <CollectionType>EIT</CollectionType>
  </Transponder>
  <Transponder>
    <CarrierFrequency>12303000</CarrierFrequency>
    <Polarisation>CircularL</Polarisation>
    <SymbolRate>27500</SymbolRate>
    <Modulation>ModNotSet</Modulation>
    <InnerFecRate>Rate3_4</InnerFecRate>
    <CollectionType>EIT</CollectionType>
  </Transponder>
  <Transponder>
    <CarrierFrequency>12322000</CarrierFrequency>
    <Polarisation>CircularR</Polarisation>
    <SymbolRate>27500</SymbolRate>
    <Modulation>ModNotSet</Modulation>
    <InnerFecRate>Rate3_4</InnerFecRate>
    <CollectionType>EIT</CollectionType>
  </Transponder>
  <Transponder>
    <CarrierFrequency>12322000</CarrierFrequency>
    <Polarisation>LinearH</Polarisation>
    <SymbolRate>26480</SymbolRate>
    <Modulation>ModNotSet</Modulation>
    <InnerFecRate>Rate1_2</InnerFecRate>
    <CollectionType>EIT</CollectionType>
  </Transponder>
  <Transponder>
    <CarrierFrequency>12341000</CarrierFrequency>
    <Polarisation>CircularL</Polarisation>
    <SymbolRate>27500</SymbolRate>
    <Modulation>ModNotSet</Modulation>
    <InnerFecRate>Rate3_4</InnerFecRate>
    <CollectionType>EIT</CollectionType>
  </Transponder>
  <Transponder>
    <CarrierFrequency>12360000</CarrierFrequency>
    <Polarisation>LinearH</Polarisation>
    <SymbolRate>26480</SymbolRate>
    <Modulation>ModNotSet</Modulation>
    <InnerFecRate>Rate1_2</InnerFecRate>
    <CollectionType>EIT</CollectionType>
  </Transponder>
  <Transponder>
    <CarrierFrequency>12380000</CarrierFrequency>
    <Polarisation>CircularL</Polarisation>
    <SymbolRate>27500</SymbolRate>
    <Modulation>ModNotSet</Modulation>
    <InnerFecRate>Rate3_4</InnerFecRate>
    <CollectionType>EIT</CollectionType>
  </Transponder>
  <Transponder>
    <CarrierFrequency>12399000</CarrierFrequency>
    <Polarisation>CircularR</Polarisation>
    <SymbolRate>27500</SymbolRate>
    <Modulation>ModNotSet</Modulation>
    <InnerFecRate>Rate3_4</InnerFecRate>
    <CollectionType>EIT</CollectionType>
  </Transponder>
  <Transponder>
    <CarrierFrequency>12399000</CarrierFrequency>
    <Polarisation>LinearH</Polarisation>
    <SymbolRate>26480</SymbolRate>
    <Modulation>ModNotSet</Modulation>
    <InnerFecRate>Rate1_2</InnerFecRate>
    <CollectionType>EIT</CollectionType>
  </Transponder>
  <Transponder>
    <CarrierFrequency>12437000</CarrierFrequency>
    <Polarisation>CircularR</Polarisation>
    <SymbolRate>27500</SymbolRate>
    <Modulation>ModNotSet</Modulation>
    <InnerFecRate>Rate3_4</InnerFecRate>
    <CollectionType>EIT</CollectionType>
  </Transponder>
  <Transponder>
    <CarrierFrequency>12437000</CarrierFrequency>
    <Polarisation>LinearH</Polarisation>
    <SymbolRate>23438</SymbolRate>
    <Modulation>ModNotSet</Modulation>
    <InnerFecRate>Rate3_4</InnerFecRate>
    <CollectionType>EIT</CollectionType>
  </Transponder>
  <Transponder>
    <CarrierFrequency>12456000</CarrierFrequency>
    <Polarisation>CircularL</Polarisation>
    <SymbolRate>27500</SymbolRate>
    <Modulation>ModNotSet</Modulation>
    <InnerFecRate>Rate3_4</InnerFecRate>
    <CollectionType>EIT</CollectionType>
  </Transponder>
  <Transponder>
    <CarrierFrequency>12476000</CarrierFrequency>
    <Polarisation>CircularR</Polarisation>
    <SymbolRate>27500</SymbolRate>
    <Modulation>ModNotSet</Modulation>
    <InnerFecRate>Rate3_4</InnerFecRate>
    <CollectionType>EIT</CollectionType>
  </Transponder>
  <Transponder>
    <CarrierFrequency>12476000</CarrierFrequency>
    <Polarisation>LinearH</Polarisation>
    <SymbolRate>26040</SymbolRate>
    <Modulation>ModNotSet</Modulation>
    <InnerFecRate>Rate2_3</InnerFecRate>
    <CollectionType>EIT</CollectionType>
  </Transponder>
  <Transponder>
    <CarrierFrequency>12508000</CarrierFrequency>
    <Polarisation>LinearV</Polarisation>
    <SymbolRate>2170</SymbolRate>
    <Modulation>ModNotSet</Modulation>
    <InnerFecRate>Rate1_2</InnerFecRate>
    <CollectionType>EIT</CollectionType>
  </Transponder>
  <Transponder>
    <CarrierFrequency>12511000</CarrierFrequency>
    <Polarisation>LinearH</Polarisation>
    <SymbolRate>4340</SymbolRate>
    <Modulation>ModNotSet</Modulation>
    <InnerFecRate>Rate1_2</InnerFecRate>
    <CollectionType>EIT</CollectionType>
  </Transponder>
  <Transponder>
    <CarrierFrequency>12516000</CarrierFrequency>
    <Polarisation>LinearH</Polarisation>
    <SymbolRate>2238</SymbolRate>
    <Modulation>ModNotSet</Modulation>
    <InnerFecRate>Rate2_3</InnerFecRate>
    <CollectionType>EIT</CollectionType>
  </Transponder>
  <Transponder>
    <CarrierFrequency>12516000</CarrierFrequency>
    <Polarisation>LinearV</Polarisation>
    <SymbolRate>10370</SymbolRate>
    <Modulation>ModNotSet</Modulation>
    <InnerFecRate>Rate5_6</InnerFecRate>
    <CollectionType>EIT</CollectionType>
  </Transponder>
  <Transponder>
    <CarrierFrequency>12520000</CarrierFrequency>
    <Polarisation>LinearH</Polarisation>
    <SymbolRate>4340</SymbolRate>
    <Modulation>ModNotSet</Modulation>
    <InnerFecRate>Rate1_2</InnerFecRate>
    <CollectionType>EIT</CollectionType>
  </Transponder>
  <Transponder>
    <CarrierFrequency>12527000</CarrierFrequency>
    <Polarisation>LinearH</Polarisation>
    <SymbolRate>2960</SymbolRate>
    <Modulation>ModNotSet</Modulation>
    <InnerFecRate>Rate5_6</InnerFecRate>
    <CollectionType>EIT</CollectionType>
  </Transponder>
  <Transponder>
    <CarrierFrequency>12532000</CarrierFrequency>
    <Polarisation>LinearH</Polarisation>
    <SymbolRate>4340</SymbolRate>
    <Modulation>ModNotSet</Modulation>
    <InnerFecRate>Rate1_2</InnerFecRate>
    <CollectionType>EIT</CollectionType>
  </Transponder>
  <Transponder>
    <CarrierFrequency>12537000</CarrierFrequency>
    <Polarisation>LinearH</Polarisation>
    <SymbolRate>2100</SymbolRate>
    <Modulation>ModNotSet</Modulation>
    <InnerFecRate>Rate5_6</InnerFecRate>
    <CollectionType>EIT</CollectionType>
  </Transponder>
  <Transponder>
    <CarrierFrequency>12543000</CarrierFrequency>
    <Polarisation>LinearV</Polarisation>
    <SymbolRate>3214</SymbolRate>
    <Modulation>ModNotSet</Modulation>
    <InnerFecRate>Rate1_2</InnerFecRate>
    <CollectionType>EIT</CollectionType>
  </Transponder>
  <Transponder>
    <CarrierFrequency>12545000</CarrierFrequency>
    <Polarisation>LinearH</Polarisation>
    <SymbolRate>2734</SymbolRate>
    <Modulation>ModNotSet</Modulation>
    <InnerFecRate>Rate5_6</InnerFecRate>
    <CollectionType>EIT</CollectionType>
  </Transponder>
  <Transponder>
    <CarrierFrequency>12547000</CarrierFrequency>
    <Polarisation>LinearV</Polarisation>
    <SymbolRate>1747</SymbolRate>
    <Modulation>ModNotSet</Modulation>
    <InnerFecRate>Rate3_4</InnerFecRate>
    <CollectionType>EIT</CollectionType>
  </Transponder>
  <Transponder>
    <CarrierFrequency>12550000</CarrierFrequency>
    <Polarisation>LinearH</Polarisation>
    <SymbolRate>2100</SymbolRate>
    <Modulation>ModNotSet</Modulation>
    <InnerFecRate>Rate5_6</InnerFecRate>
    <CollectionType>EIT</CollectionType>
  </Transponder>
  <Transponder>
    <CarrierFrequency>12555000</CarrierFrequency>
    <Polarisation>LinearV</Polarisation>
    <SymbolRate>5697</SymbolRate>
    <Modulation>ModNotSet</Modulation>
    <InnerFecRate>Rate2_3</InnerFecRate>
    <CollectionType>EIT</CollectionType>
  </Transponder>
  <Transponder>
    <CarrierFrequency>12560000</CarrierFrequency>
    <Polarisation>LinearH</Polarisation>
    <SymbolRate>2380</SymbolRate>
    <Modulation>ModNotSet</Modulation>
    <InnerFecRate>Rate1_2</InnerFecRate>
    <CollectionType>EIT</CollectionType>
  </Transponder>
  <Transponder>
    <CarrierFrequency>12568000</CarrierFrequency>
    <Polarisation>LinearH</Polarisation>
    <SymbolRate>2500</SymbolRate>
    <Modulation>ModNotSet</Modulation>
    <InnerFecRate>Rate3_4</InnerFecRate>
    <CollectionType>EIT</CollectionType>
  </Transponder>
  <Transponder>
    <CarrierFrequency>12575000</CarrierFrequency>
    <Polarisation>LinearH</Polarisation>
    <SymbolRate>2894</SymbolRate>
    <Modulation>ModNotSet</Modulation>
    <InnerFecRate>Rate3_4</InnerFecRate>
    <CollectionType>EIT</CollectionType>
  </Transponder>
  <Transponder>
    <CarrierFrequency>12591000</CarrierFrequency>
    <Polarisation>LinearH</Polarisation>
    <SymbolRate>2170</SymbolRate>
    <Modulation>ModNotSet</Modulation>
    <InnerFecRate>Rate3_4</InnerFecRate>
    <CollectionType>EIT</CollectionType>
  </Transponder>
  <Transponder>
    <CarrierFrequency>12600000</CarrierFrequency>
    <Polarisation>LinearV</Polarisation>
    <SymbolRate>1824</SymbolRate>
    <Modulation>ModNotSet</Modulation>
    <InnerFecRate>Rate5_6</InnerFecRate>
    <CollectionType>EIT</CollectionType>
  </Transponder>
  <Transponder>
    <CarrierFrequency>12620000</CarrierFrequency>
    <Polarisation>LinearV</Polarisation>
    <SymbolRate>2894</SymbolRate>
    <Modulation>ModNotSet</Modulation>
    <InnerFecRate>Rate3_4</InnerFecRate>
    <CollectionType>EIT</CollectionType>
  </Transponder>
  <Transponder>
    <CarrierFrequency>12623000</CarrierFrequency>
    <Polarisation>LinearH</Polarisation>
    <SymbolRate>6666</SymbolRate>
    <Modulation>ModNotSet</Modulation>
    <InnerFecRate>Rate7_8</InnerFecRate>
    <CollectionType>EIT</CollectionType>
  </Transponder>
  <Transponder>
    <CarrierFrequency>12624000</CarrierFrequency>
    <Polarisation>LinearV</Polarisation>
    <SymbolRate>2894</SymbolRate>
    <Modulation>ModNotSet</Modulation>
    <InnerFecRate>Rate3_4</InnerFecRate>
    <CollectionType>EIT</CollectionType>
  </Transponder>
  <Transponder>
    <CarrierFrequency>12630000</CarrierFrequency>
    <Polarisation>LinearH</Polarisation>
    <SymbolRate>2170</SymbolRate>
    <Modulation>ModNotSet</Modulation>
    <InnerFecRate>Rate3_4</InnerFecRate>
    <CollectionType>EIT</CollectionType>
  </Transponder>
  <Transponder>
    <CarrierFrequency>12635000</CarrierFrequency>
    <Polarisation>LinearV</Polarisation>
    <SymbolRate>1331</SymbolRate>
    <Modulation>ModNotSet</Modulation>
    <InnerFecRate>Rate3_4</InnerFecRate>
    <CollectionType>EIT</CollectionType>
  </Transponder>
  <Transponder>
    <CarrierFrequency>12647000</CarrierFrequency>
    <Polarisation>LinearV</Polarisation>
    <SymbolRate>5632</SymbolRate>
    <Modulation>ModNotSet</Modulation>
    <InnerFecRate>Rate3_4</InnerFecRate>
    <CollectionType>EIT</CollectionType>
  </Transponder>
  <Transponder>
    <CarrierFrequency>11647000</CarrierFrequency>
    <Polarisation>LinearH</Polarisation>
    <SymbolRate>5000</SymbolRate>
    <Modulation>Mod8Psk</Modulation>
    <InnerFecRate>Rate3_4</InnerFecRate>
    <Pilot>On</Pilot>
    <Rolloff>ThirtyFive</Rolloff>
  </Transponder>
  <Transponder>
    <CarrierFrequency>11664000</CarrierFrequency>
    <Polarisation>LinearH</Polarisation>
    <SymbolRate>18400</SymbolRate>
    <Modulation>Mod8Psk</Modulation>
    <InnerFecRate>Rate3_4</InnerFecRate>
    <Pilot>On</Pilot>
    <Rolloff>ThirtyFive</Rolloff>
  </Transponder>
  <Transponder>
    <CarrierFrequency>11687000</CarrierFrequency>
    <Polarisation>LinearH</Polarisation>
    <SymbolRate>7180</SymbolRate>
    <Modulation>Mod8Psk</Modulation>
    <InnerFecRate>Rate3_4</InnerFecRate>
    <Pilot>On</Pilot>
    <Rolloff>ThirtyFive</Rolloff>
  </Transponder>
  <Transponder>
    <CarrierFrequency>12073000</CarrierFrequency>
    <Polarisation>CircularL</Polarisation>
    <SymbolRate>27500</SymbolRate>
    <Modulation>Mod8Psk</Modulation>
    <InnerFecRate>Rate3_4</InnerFecRate>
    <Pilot>On</Pilot>
    <Rolloff>ThirtyFive</Rolloff>
  </Transponder>
  <Transponder>
    <CarrierFrequency>12111000</CarrierFrequency>
    <Polarisation>CircularL</Polarisation>
    <SymbolRate>27500</SymbolRate>
    <Modulation>Mod8Psk</Modulation>
    <InnerFecRate>Rate3_4</InnerFecRate>
    <Pilot>On</Pilot>
    <Rolloff>ThirtyFive</Rolloff>
  </Transponder>
  <Transponder>
    <CarrierFrequency>12207000</CarrierFrequency>
    <Polarisation>CircularR</Polarisation>
    <SymbolRate>27500</SymbolRate>
    <Modulation>Mod8Psk</Modulation>
    <InnerFecRate>Rate3_4</InnerFecRate>
    <Pilot>On</Pilot>
    <Rolloff>ThirtyFive</Rolloff>
  </Transponder>
  <Transponder>
    <CarrierFrequency>12360000</CarrierFrequency>
    <Polarisation>CircularR</Polarisation>
    <SymbolRate>27500</SymbolRate>
    <Modulation>Mod8Psk</Modulation>
    <InnerFecRate>Rate3_4</InnerFecRate>
    <Pilot>On</Pilot>
    <Rolloff>ThirtyFive</Rolloff>
  </Transponder>
  <Transponder>
    <CarrierFrequency>12418000</CarrierFrequency>
    <Polarisation>CircularL</Polarisation>
    <SymbolRate>27500</SymbolRate>
    <Modulation>Mod8Psk</Modulation>
    <InnerFecRate>Rate3_4</InnerFecRate>
    <Pilot>On</Pilot>
    <Rolloff>ThirtyFive</Rolloff>
  </Transponder>
</ArrayOfTransponder>