<?xml version="1.0" encoding="utf-8"?>
<ArrayOfTransponder xmlns:xsi="http://www.w3.org/2001/XMLSchema-instance" xmlns:xsd="http://www.w3.org/2001/XMLSchema">
  <Transponder>
    <CarrierFrequency>3718000</CarrierFrequency>
    <Polarisation>LinearV</Polarisation>
    <SymbolRate>21260</SymbolRate>
    <Modulation>ModNotSet</Modulation>
    <InnerFecRate>Rate3_4</InnerFecRate>
    <CollectionType>EIT</CollectionType>
  </Transponder>
  <Transponder>
    <CarrierFrequency>3736000</CarrierFrequency>
    <Polarisation>LinearH</Polarisation>
    <SymbolRate>29270</SymbolRate>
    <Modulation>ModNotSet</Modulation>
    <InnerFecRate>Rate7_8</InnerFecRate>
    <CollectionType>EIT</CollectionType>
  </Transponder>
  <Transponder>
    <CarrierFrequency>3737000</CarrierFrequency>
    <Polarisation>LinearV</Polarisation>
    <SymbolRate>4410</SymbolRate>
    <Modulation>ModNotSet</Modulation>
    <InnerFecRate>Rate3_4</InnerFecRate>
    <CollectionType>EIT</CollectionType>
  </Transponder>
  <Transponder>
    <CarrierFrequency>3754000</CarrierFrequency>
    <Polarisation>LinearV</Polarisation>
    <SymbolRate>6620</SymbolRate>
    <Modulation>ModNotSet</Modulation>
    <InnerFecRate>RateNotSet</InnerFecRate>
    <CollectionType>EIT</CollectionType>
  </Transponder>
  <Transponder>
    <CarrierFrequency>3780000</CarrierFrequency>
    <Polarisation>LinearV</Polarisation>
    <SymbolRate>3255</SymbolRate>
    <Modulation>ModNotSet</Modulation>
    <InnerFecRate>RateNotSet</InnerFecRate>
    <CollectionType>EIT</CollectionType>
  </Transponder>
  <Transponder>
    <CarrierFrequency>3780000</CarrierFrequency>
    <Polarisation>LinearH</Polarisation>
    <SymbolRate>27690</SymbolRate>
    <Modulation>ModNotSet</Modulation>
    <InnerFecRate>Rate7_8</InnerFecRate>
    <CollectionType>EIT</CollectionType>
  </Transponder>
  <Transponder>
    <CarrierFrequency>3826000</CarrierFrequency>
    <Polarisation>LinearV</Polarisation>
    <SymbolRate>4444</SymbolRate>
    <Modulation>ModNotSet</Modulation>
    <InnerFecRate>Rate5_6</InnerFecRate>
    <CollectionType>EIT</CollectionType>
  </Transponder>
  <Transponder>
    <CarrierFrequency>3836000</CarrierFrequency>
    <Polarisation>LinearH</Polarisation>
    <SymbolRate>20770</SymbolRate>
    <Modulation>ModNotSet</Modulation>
    <InnerFecRate>Rate3_4</InnerFecRate>
    <CollectionType>EIT</CollectionType>
  </Transponder>
  <Transponder>
    <CarrierFrequency>3845000</CarrierFrequency>
    <Polarisation>LinearV</Polarisation>
    <SymbolRate>4444</SymbolRate>
    <Modulation>ModNotSet</Modulation>
    <InnerFecRate>RateNotSet</InnerFecRate>
    <CollectionType>EIT</CollectionType>
  </Transponder>
  <Transponder>
    <CarrierFrequency>3854000</CarrierFrequency>
    <Polarisation>LinearV</Polarisation>
    <SymbolRate>5945</SymbolRate>
    <Modulation>ModNotSet</Modulation>
    <InnerFecRate>Rate3_4</InnerFecRate>
    <CollectionType>EIT</CollectionType>
  </Transponder>
  <Transponder>
    <CarrierFrequency>3873000</CarrierFrequency>
    <Polarisation>LinearH</Polarisation>
    <SymbolRate>5632</SymbolRate>
    <Modulation>ModNotSet</Modulation>
    <InnerFecRate>Rate3_4</InnerFecRate>
    <CollectionType>EIT</CollectionType>
  </Transponder>
  <Transponder>
    <CarrierFrequency>3874000</CarrierFrequency>
    <Polarisation>LinearV</Polarisation>
    <SymbolRate>1546</SymbolRate>
    <Modulation>ModNotSet</Modulation>
    <InnerFecRate>Rate2_3</InnerFecRate>
    <CollectionType>EIT</CollectionType>
  </Transponder>
  <Transponder>
    <CarrierFrequency>3894000</CarrierFrequency>
    <Polarisation>LinearV</Polarisation>
    <SymbolRate>6620</SymbolRate>
    <Modulation>ModNotSet</Modulation>
    <InnerFecRate>RateNotSet</InnerFecRate>
    <CollectionType>EIT</CollectionType>
  </Transponder>
  <Transponder>
    <CarrierFrequency>3903000</CarrierFrequency>
    <Polarisation>LinearV</Polarisation>
    <SymbolRate>5632</SymbolRate>
    <Modulation>ModNotSet</Modulation>
    <InnerFecRate>RateNotSet</InnerFecRate>
    <CollectionType>EIT</CollectionType>
  </Transponder>
  <Transponder>
    <CarrierFrequency>3909000</CarrierFrequency>
    <Polarisation>LinearH</Polarisation>
    <SymbolRate>29270</SymbolRate>
    <Modulation>ModNotSet</Modulation>
    <InnerFecRate>Rate3_4</InnerFecRate>
    <CollectionType>EIT</CollectionType>
  </Transponder>
  <Transponder>
    <CarrierFrequency>3910000</CarrierFrequency>
    <Polarisation>LinearV</Polarisation>
    <SymbolRate>4410</SymbolRate>
    <Modulation>ModNotSet</Modulation>
    <InnerFecRate>RateNotSet</InnerFecRate>
    <CollectionType>EIT</CollectionType>
  </Transponder>
  <Transponder>
    <CarrierFrequency>3919000</CarrierFrequency>
    <Polarisation>LinearV</Polarisation>
    <SymbolRate>6620</SymbolRate>
    <Modulation>ModNotSet</Modulation>
    <InnerFecRate>Rate2_3</InnerFecRate>
    <CollectionType>EIT</CollectionType>
  </Transponder>
  <Transponder>
    <CarrierFrequency>3928000</CarrierFrequency>
    <Polarisation>LinearH</Polarisation>
    <SymbolRate>13500</SymbolRate>
    <Modulation>ModNotSet</Modulation>
    <InnerFecRate>Rate7_8</InnerFecRate>
    <CollectionType>EIT</CollectionType>
  </Transponder>
  <Transponder>
    <CarrierFrequency>3930000</CarrierFrequency>
    <Polarisation>LinearV</Polarisation>
    <SymbolRate>6620</SymbolRate>
    <Modulation>ModNotSet</Modulation>
    <InnerFecRate>RateNotSet</InnerFecRate>
    <CollectionType>EIT</CollectionType>
  </Transponder>
  <Transponder>
    <CarrierFrequency>3940000</CarrierFrequency>
    <Polarisation>LinearH</Polarisation>
    <SymbolRate>4688</SymbolRate>
    <Modulation>ModNotSet</Modulation>
    <InnerFecRate>Rate5_6</InnerFecRate>
    <CollectionType>EIT</CollectionType>
  </Transponder>
  <Transponder>
    <CarrierFrequency>3943000</CarrierFrequency>
    <Polarisation>LinearV</Polarisation>
    <SymbolRate>1200</SymbolRate>
    <Modulation>ModNotSet</Modulation>
    <InnerFecRate>Rate1_2</InnerFecRate>
    <CollectionType>EIT</CollectionType>
  </Transponder>
  <Transponder>
    <CarrierFrequency>3945000</CarrierFrequency>
    <Polarisation>LinearH</Polarisation>
    <SymbolRate>2812</SymbolRate>
    <Modulation>ModNotSet</Modulation>
    <InnerFecRate>Rate7_8</InnerFecRate>
    <CollectionType>EIT</CollectionType>
  </Transponder>
  <Transponder>
    <CarrierFrequency>3958000</CarrierFrequency>
    <Polarisation>LinearV</Polarisation>
    <SymbolRate>6111</SymbolRate>
    <Modulation>ModNotSet</Modulation>
    <InnerFecRate>Rate3_4</InnerFecRate>
    <CollectionType>EIT</CollectionType>
  </Transponder>
  <Transponder>
    <CarrierFrequency>3966000</CarrierFrequency>
    <Polarisation>LinearH</Polarisation>
    <SymbolRate>21090</SymbolRate>
    <Modulation>ModNotSet</Modulation>
    <InnerFecRate>Rate3_4</InnerFecRate>
    <CollectionType>EIT</CollectionType>
  </Transponder>
  <Transponder>
    <CarrierFrequency>3980000</CarrierFrequency>
    <Polarisation>LinearV</Polarisation>
    <SymbolRate>3300</SymbolRate>
    <Modulation>ModNotSet</Modulation>
    <InnerFecRate>Rate3_4</InnerFecRate>
    <CollectionType>EIT</CollectionType>
  </Transponder>
  <Transponder>
    <CarrierFrequency>3985000</CarrierFrequency>
    <Polarisation>LinearV</Polarisation>
    <SymbolRate>1200</SymbolRate>
    <Modulation>ModNotSet</Modulation>
    <InnerFecRate>Rate3_4</InnerFecRate>
    <CollectionType>EIT</CollectionType>
  </Transponder>
  <Transponder>
    <CarrierFrequency>3994000</CarrierFrequency>
    <Polarisation>LinearH</Polarisation>
    <SymbolRate>21090</SymbolRate>
    <Modulation>ModNotSet</Modulation>
    <InnerFecRate>Rate3_4</InnerFecRate>
    <CollectionType>EIT</CollectionType>
  </Transponder>
  <Transponder>
    <CarrierFrequency>4003000</CarrierFrequency>
    <Polarisation>LinearV</Polarisation>
    <SymbolRate>6650</SymbolRate>
    <Modulation>ModNotSet</Modulation>
    <InnerFecRate>RateNotSet</InnerFecRate>
    <CollectionType>EIT</CollectionType>
  </Transponder>
  <Transponder>
    <CarrierFrequency>4012000</CarrierFrequency>
    <Polarisation>LinearV</Polarisation>
    <SymbolRate>6650</SymbolRate>
    <Modulation>ModNotSet</Modulation>
    <InnerFecRate>RateNotSet</InnerFecRate>
    <CollectionType>EIT</CollectionType>
  </Transponder>
  <Transponder>
    <CarrierFrequency>4040000</CarrierFrequency>
    <Polarisation>LinearH</Polarisation>
    <SymbolRate>30800</SymbolRate>
    <Modulation>ModNotSet</Modulation>
    <InnerFecRate>Rate7_8</InnerFecRate>
    <CollectionType>EIT</CollectionType>
  </Transponder>
  <Transponder>
    <CarrierFrequency>4084000</CarrierFrequency>
    <Polarisation>LinearV</Polarisation>
    <SymbolRate>6600</SymbolRate>
    <Modulation>ModNotSet</Modulation>
    <InnerFecRate>Rate3_4</InnerFecRate>
    <CollectionType>EIT</CollectionType>
  </Transponder>
  <Transponder>
    <CarrierFrequency>4106000</CarrierFrequency>
    <Polarisation>LinearV</Polarisation>
    <SymbolRate>26470</SymbolRate>
    <Modulation>ModNotSet</Modulation>
    <InnerFecRate>Rate3_4</InnerFecRate>
    <CollectionType>EIT</CollectionType>
  </Transponder>
  <Transponder>
    <CarrierFrequency>4113000</CarrierFrequency>
    <Polarisation>LinearH</Polarisation>
    <SymbolRate>19510</SymbolRate>
    <Modulation>ModNotSet</Modulation>
    <InnerFecRate>RateNotSet</InnerFecRate>
    <CollectionType>EIT</CollectionType>
  </Transponder>
  <Transponder>
    <CarrierFrequency>4150000</CarrierFrequency>
    <Polarisation>LinearH</Polarisation>
    <SymbolRate>24570</SymbolRate>
    <Modulation>ModNotSet</Modulation>
    <InnerFecRate>Rate7_8</InnerFecRate>
    <CollectionType>EIT</CollectionType>
  </Transponder>
  <Transponder>
    <CarrierFrequency>4192000</CarrierFrequency>
    <Polarisation>LinearH</Polarisation>
    <SymbolRate>6620</SymbolRate>
    <Modulation>ModNotSet</Modulation>
    <InnerFecRate>Rate2_3</InnerFecRate>
    <CollectionType>EIT</CollectionType>
  </Transponder>
  <Transponder>
    <CarrierFrequency>10722000</CarrierFrequency>
    <Polarisation>LinearV</Polarisation>
    <SymbolRate>30000</SymbolRate>
    <Modulation>ModNotSet</Modulation>
    <InnerFecRate>Rate3_4</InnerFecRate>
    <CollectionType>EIT</CollectionType>
  </Transponder>
  <Transponder>
    <CarrierFrequency>10722000</CarrierFrequency>
    <Polarisation>LinearH</Polarisation>
    <SymbolRate>30000</SymbolRate>
    <Modulation>ModNotSet</Modulation>
    <InnerFecRate>Rate3_4</InnerFecRate>
    <CollectionType>EIT</CollectionType>
  </Transponder>
  <Transponder>
    <CarrierFrequency>10802000</CarrierFrequency>
    <Polarisation>LinearV</Polarisation>
    <SymbolRate>30000</SymbolRate>
    <Modulation>ModNotSet</Modulation>
    <InnerFecRate>Rate3_4</InnerFecRate>
    <CollectionType>EIT</CollectionType>
  </Transponder>
  <Transponder>
    <CarrierFrequency>10882000</CarrierFrequency>
    <Polarisation>LinearV</Polarisation>
    <SymbolRate>30000</SymbolRate>
    <Modulation>ModNotSet</Modulation>
    <InnerFecRate>Rate3_4</InnerFecRate>
    <CollectionType>EIT</CollectionType>
  </Transponder>
  <Transponder>
    <CarrierFrequency>10882000</CarrierFrequency>
    <Polarisation>LinearH</Polarisation>
    <SymbolRate>30000</SymbolRate>
    <Modulation>ModNotSet</Modulation>
    <InnerFecRate>Rate3_4</InnerFecRate>
    <CollectionType>EIT</CollectionType>
  </Transponder>
  <Transponder>
    <CarrierFrequency>11302000</CarrierFrequency>
    <Polarisation>LinearH</Polarisation>
    <SymbolRate>30000</SymbolRate>
    <Modulation>ModNotSet</Modulation>
    <InnerFecRate>Rate3_4</InnerFecRate>
    <CollectionType>EIT</CollectionType>
  </Transponder>
  <Transponder>
    <CarrierFrequency>11382000</CarrierFrequency>
    <Polarisation>LinearV</Polarisation>
    <SymbolRate>30000</SymbolRate>
    <Modulation>ModNotSet</Modulation>
    <InnerFecRate>Rate3_4</InnerFecRate>
    <CollectionType>EIT</CollectionType>
  </Transponder>
  <Transponder>
    <CarrierFrequency>11382000</CarrierFrequency>
    <Polarisation>LinearH</Polarisation>
    <SymbolRate>30000</SymbolRate>
    <Modulation>ModNotSet</Modulation>
    <InnerFecRate>Rate3_4</InnerFecRate>
    <CollectionType>EIT</CollectionType>
  </Transponder>
  <Transponder>
    <CarrierFrequency>11708000</CarrierFrequency>
    <Polarisation>LinearH</Polarisation>
    <SymbolRate>4687</SymbolRate>
    <Modulation>ModNotSet</Modulation>
    <InnerFecRate>Rate3_4</InnerFecRate>
    <CollectionType>EIT</CollectionType>
  </Transponder>
  <Transponder>
    <CarrierFrequency>11752000</CarrierFrequency>
    <Polarisation>LinearH</Polarisation>
    <SymbolRate>3112</SymbolRate>
    <Modulation>ModNotSet</Modulation>
    <InnerFecRate>Rate3_4</InnerFecRate>
    <CollectionType>EIT</CollectionType>
  </Transponder>
  <Transponder>
    <CarrierFrequency>11853000</CarrierFrequency>
    <Polarisation>LinearV</Polarisation>
    <SymbolRate>6111</SymbolRate>
    <Modulation>ModNotSet</Modulation>
    <InnerFecRate>RateNotSet</InnerFecRate>
    <CollectionType>EIT</CollectionType>
  </Transponder>
  <Transponder>
    <CarrierFrequency>11863000</CarrierFrequency>
    <Polarisation>LinearV</Polarisation>
    <SymbolRate>5632</SymbolRate>
    <Modulation>ModNotSet</Modulation>
    <InnerFecRate>RateNotSet</InnerFecRate>
    <CollectionType>EIT</CollectionType>
  </Transponder>
  <Transponder>
    <CarrierFrequency>11906000</CarrierFrequency>
    <Polarisation>LinearH</Polarisation>
    <SymbolRate>6620</SymbolRate>
    <Modulation>ModNotSet</Modulation>
    <InnerFecRate>RateNotSet</InnerFecRate>
    <CollectionType>EIT</CollectionType>
  </Transponder>
  <Transponder>
    <CarrierFrequency>11925000</CarrierFrequency>
    <Polarisation>LinearH</Polarisation>
    <SymbolRate>6620</SymbolRate>
    <Modulation>ModNotSet</Modulation>
    <InnerFecRate>RateNotSet</InnerFecRate>
    <CollectionType>EIT</CollectionType>
  </Transponder>
  <Transponder>
    <CarrierFrequency>11941000</CarrierFrequency>
    <Polarisation>LinearH</Polarisation>
    <SymbolRate>6666</SymbolRate>
    <Modulation>ModNotSet</Modulation>
    <InnerFecRate>RateNotSet</InnerFecRate>
    <CollectionType>EIT</CollectionType>
  </Transponder>
  <Transponder>
    <CarrierFrequency>11956000</CarrierFrequency>
    <Polarisation>LinearV</Polarisation>
    <SymbolRate>3125</SymbolRate>
    <Modulation>ModNotSet</Modulation>
    <InnerFecRate>RateNotSet</InnerFecRate>
    <CollectionType>EIT</CollectionType>
  </Transponder>
  <Transponder>
    <CarrierFrequency>11965000</CarrierFrequency>
    <Polarisation>LinearV</Polarisation>
    <SymbolRate>1592</SymbolRate>
    <Modulation>ModNotSet</Modulation>
    <InnerFecRate>RateNotSet</InnerFecRate>
    <CollectionType>EIT</CollectionType>
  </Transponder>
  <Transponder>
    <CarrierFrequency>11995000</CarrierFrequency>
    <Polarisation>LinearV</Polarisation>
    <SymbolRate>2864</SymbolRate>
    <Modulation>ModNotSet</Modulation>
    <InnerFecRate>RateNotSet</InnerFecRate>
    <CollectionType>EIT</CollectionType>
  </Transponder>
  <Transponder>
    <CarrierFrequency>11998000</CarrierFrequency>
    <Polarisation>LinearV</Polarisation>
    <SymbolRate>1563</SymbolRate>
    <Modulation>ModNotSet</Modulation>
    <InnerFecRate>Rate3_4</InnerFecRate>
    <CollectionType>EIT</CollectionType>
  </Transponder>
  <Transponder>
    <CarrierFrequency>12004000</CarrierFrequency>
    <Polarisation>LinearV</Polarisation>
    <SymbolRate>3125</SymbolRate>
    <Modulation>ModNotSet</Modulation>
    <InnerFecRate>RateNotSet</InnerFecRate>
    <CollectionType>EIT</CollectionType>
  </Transponder>
  <Transponder>
    <CarrierFrequency>12050000</CarrierFrequency>
    <Polarisation>LinearH</Polarisation>
    <SymbolRate>23700</SymbolRate>
    <Modulation>ModNotSet</Modulation>
    <InnerFecRate>Rate3_4</InnerFecRate>
    <CollectionType>EIT</CollectionType>
  </Transponder>
  <Transponder>
    <CarrierFrequency>12141000</CarrierFrequency>
    <Polarisation>LinearH</Polarisation>
    <SymbolRate>13333</SymbolRate>
    <Modulation>ModNotSet</Modulation>
    <InnerFecRate>RateNotSet</InnerFecRate>
    <CollectionType>EIT</CollectionType>
  </Transponder>
  <Transponder>
    <CarrierFrequency>12158000</CarrierFrequency>
    <Polarisation>LinearH</Polarisation>
    <SymbolRate>6111</SymbolRate>
    <Modulation>ModNotSet</Modulation>
    <InnerFecRate>RateNotSet</InnerFecRate>
    <CollectionType>EIT</CollectionType>
  </Transponder>
  <Transponder>
    <CarrierFrequency>12508000</CarrierFrequency>
    <Polarisation>LinearH</Polarisation>
    <SymbolRate>6111</SymbolRate>
    <Modulation>ModNotSet</Modulation>
    <InnerFecRate>Rate3_4</InnerFecRate>
    <CollectionType>EIT</CollectionType>
  </Transponder>
  <Transponder>
    <CarrierFrequency>12517000</CarrierFrequency>
    <Polarisation>LinearH</Polarisation>
    <SymbolRate>6111</SymbolRate>
    <Modulation>ModNotSet</Modulation>
    <InnerFecRate>Rate7_8</InnerFecRate>
    <CollectionType>EIT</CollectionType>
  </Transponder>
  <Transponder>
    <CarrierFrequency>12525000</CarrierFrequency>
    <Polarisation>LinearH</Polarisation>
    <SymbolRate>6620</SymbolRate>
    <Modulation>ModNotSet</Modulation>
    <InnerFecRate>Rate2_3</InnerFecRate>
    <CollectionType>EIT</CollectionType>
  </Transponder>
  <Transponder>
    <CarrierFrequency>12536000</CarrierFrequency>
    <Polarisation>LinearH</Polarisation>
    <SymbolRate>6666</SymbolRate>
    <Modulation>ModNotSet</Modulation>
    <InnerFecRate>Rate7_8</InnerFecRate>
    <CollectionType>EIT</CollectionType>
  </Transponder>
  <Transponder>
    <CarrierFrequency>12544000</CarrierFrequency>
    <Polarisation>LinearH</Polarisation>
    <SymbolRate>5632</SymbolRate>
    <Modulation>ModNotSet</Modulation>
    <InnerFecRate>Rate3_4</InnerFecRate>
    <CollectionType>EIT</CollectionType>
  </Transponder>
  <Transponder>
    <CarrierFrequency>12554000</CarrierFrequency>
    <Polarisation>LinearH</Polarisation>
    <SymbolRate>5632</SymbolRate>
    <Modulation>ModNotSet</Modulation>
    <InnerFecRate>Rate3_4</InnerFecRate>
    <CollectionType>EIT</CollectionType>
  </Transponder>
  <Transponder>
    <CarrierFrequency>12571000</CarrierFrequency>
    <Polarisation>LinearH</Polarisation>
    <SymbolRate>2205</SymbolRate>
    <Modulation>ModNotSet</Modulation>
    <InnerFecRate>Rate3_4</InnerFecRate>
    <CollectionType>EIT</CollectionType>
  </Transponder>
  <Transponder>
    <CarrierFrequency>12584000</CarrierFrequency>
    <Polarisation>LinearV</Polarisation>
    <SymbolRate>27500</SymbolRate>
    <Modulation>ModNotSet</Modulation>
    <InnerFecRate>Rate3_4</InnerFecRate>
    <CollectionType>EIT</CollectionType>
  </Transponder>
  <Transponder>
    <CarrierFrequency>12590000</CarrierFrequency>
    <Polarisation>LinearH</Polarisation>
    <SymbolRate>2480</SymbolRate>
    <Modulation>ModNotSet</Modulation>
    <InnerFecRate>Rate7_8</InnerFecRate>
    <CollectionType>EIT</CollectionType>
  </Transponder>
  <Transponder>
    <CarrierFrequency>12593000</CarrierFrequency>
    <Polarisation>LinearH</Polarisation>
    <SymbolRate>2205</SymbolRate>
    <Modulation>ModNotSet</Modulation>
    <InnerFecRate>Rate3_4</InnerFecRate>
    <CollectionType>EIT</CollectionType>
  </Transponder>
  <Transponder>
    <CarrierFrequency>12610000</CarrierFrequency>
    <Polarisation>LinearV</Polarisation>
    <SymbolRate>13500</SymbolRate>
    <Modulation>ModNotSet</Modulation>
    <InnerFecRate>Rate7_8</InnerFecRate>
    <CollectionType>EIT</CollectionType>
  </Transponder>
  <Transponder>
    <CarrierFrequency>12630000</CarrierFrequency>
    <Polarisation>LinearV</Polarisation>
    <SymbolRate>6510</SymbolRate>
    <Modulation>ModNotSet</Modulation>
    <InnerFecRate>Rate3_4</InnerFecRate>
    <CollectionType>EIT</CollectionType>
  </Transponder>
  <Transponder>
    <CarrierFrequency>12651000</CarrierFrequency>
    <Polarisation>LinearH</Polarisation>
    <SymbolRate>30800</SymbolRate>
    <Modulation>ModNotSet</Modulation>
    <InnerFecRate>Rate7_8</InnerFecRate>
    <CollectionType>EIT</CollectionType>
  </Transponder>
  <Transponder>
    <CarrierFrequency>12689000</CarrierFrequency>
    <Polarisation>LinearH</Polarisation>
    <SymbolRate>6111</SymbolRate>
    <Modulation>ModNotSet</Modulation>
    <InnerFecRate>Rate3_4</InnerFecRate>
    <CollectionType>EIT</CollectionType>
  </Transponder>
  <Transponder>
    <CarrierFrequency>12706000</CarrierFrequency>
    <Polarisation>LinearH</Polarisation>
    <SymbolRate>6111</SymbolRate>
    <Modulation>ModNotSet</Modulation>
    <InnerFecRate>Rate7_8</InnerFecRate>
    <CollectionType>EIT</CollectionType>
  </Transponder>
  <Transponder>
    <CarrierFrequency>12716000</CarrierFrequency>
    <Polarisation>LinearH</Polarisation>
    <SymbolRate>6666</SymbolRate>
    <Modulation>ModNotSet</Modulation>
    <InnerFecRate>Rate7_8</InnerFecRate>
    <CollectionType>EIT</CollectionType>
  </Transponder>
  <Transponder>
    <CarrierFrequency>12716000</CarrierFrequency>
    <Polarisation>LinearV</Polarisation>
    <SymbolRate>6620</SymbolRate>
    <Modulation>ModNotSet</Modulation>
    <InnerFecRate>Rate3_4</InnerFecRate>
    <CollectionType>EIT</CollectionType>
  </Transponder>
  <Transponder>
    <CarrierFrequency>12722000</CarrierFrequency>
    <Polarisation>LinearV</Polarisation>
    <SymbolRate>1600</SymbolRate>
    <Modulation>ModNotSet</Modulation>
    <InnerFecRate>Rate3_4</InnerFecRate>
    <CollectionType>EIT</CollectionType>
  </Transponder>
  <Transponder>
    <CarrierFrequency>12725000</CarrierFrequency>
    <Polarisation>LinearV</Polarisation>
    <SymbolRate>5632</SymbolRate>
    <Modulation>ModNotSet</Modulation>
    <InnerFecRate>Rate3_4</InnerFecRate>
    <CollectionType>EIT</CollectionType>
  </Transponder>
  <Transponder>
    <CarrierFrequency>12731000</CarrierFrequency>
    <Polarisation>LinearH</Polarisation>
    <SymbolRate>6111</SymbolRate>
    <Modulation>ModNotSet</Modulation>
    <InnerFecRate>Rate3_4</InnerFecRate>
    <CollectionType>EIT</CollectionType>
  </Transponder>
  <Transponder>
    <CarrierFrequency>12735000</CarrierFrequency>
    <Polarisation>LinearV</Polarisation>
    <SymbolRate>5632</SymbolRate>
    <Modulation>ModNotSet</Modulation>
    <InnerFecRate>Rate3_4</InnerFecRate>
    <CollectionType>EIT</CollectionType>
  </Transponder>
  <Transponder>
    <CarrierFrequency>12740000</CarrierFrequency>
    <Polarisation>LinearH</Polarisation>
    <SymbolRate>5632</SymbolRate>
    <Modulation>ModNotSet</Modulation>
    <InnerFecRate>Rate3_4</InnerFecRate>
    <CollectionType>EIT</CollectionType>
  </Transponder>
  <Transponder>
    <CarrierFrequency>12745000</CarrierFrequency>
    <Polarisation>LinearV</Polarisation>
    <SymbolRate>6620</SymbolRate>
    <Modulation>ModNotSet</Modulation>
    <InnerFecRate>Rate3_4</InnerFecRate>
    <CollectionType>EIT</CollectionType>
  </Transponder>
  <Transponder>
    <CarrierFrequency>3810000</CarrierFrequency>
    <Polarisation>LinearH</Polarisation>
    <SymbolRate>13838</SymbolRate>
    <Modulation>Mod8Psk</Modulation>
    <InnerFecRate>Rate5_6</InnerFecRate>
    <Pilot>On</Pilot>
    <Rolloff>ThirtyFive</Rolloff>
  </Transponder>
  <Transponder>
    <CarrierFrequency>3836000</CarrierFrequency>
    <Polarisation>LinearV</Polarisation>
    <SymbolRate>7780</SymbolRate>
    <Modulation>Mod8Psk</Modulation>
    <InnerFecRate>RateNotSet</InnerFecRate>
    <Pilot>On</Pilot>
    <Rolloff>ThirtyFive</Rolloff>
  </Transponder>
  <Transponder>
    <CarrierFrequency>3864000</CarrierFrequency>
    <Polarisation>LinearV</Polarisation>
    <SymbolRate>10560</SymbolRate>
    <Modulation>Mod8Psk</Modulation>
    <InnerFecRate>Rate5_6</InnerFecRate>
    <Pilot>On</Pilot>
    <Rolloff>ThirtyFive</Rolloff>
  </Transponder>
  <Transponder>
    <CarrierFrequency>4180000</CarrierFrequency>
    <Polarisation>LinearH</Polarisation>
    <SymbolRate>3100</SymbolRate>
    <Modulation>Mod8Psk</Modulation>
    <InnerFecRate>RateNotSet</InnerFecRate>
    <Pilot>On</Pilot>
    <Rolloff>ThirtyFive</Rolloff>
  </Transponder>
</ArrayOfTransponder>