<?xml version="1.0" encoding="utf-8"?>
<ArrayOfTransponder xmlns:xsi="http://www.w3.org/2001/XMLSchema-instance" xmlns:xsd="http://www.w3.org/2001/XMLSchema">
  <Transponder>
    <CarrierFrequency>11576000</CarrierFrequency>
    <Polarisation>LinearV</Polarisation>
    <SymbolRate>3124</SymbolRate>
    <Modulation>ModNotSet</Modulation>
    <InnerFecRate>Rate3_4</InnerFecRate>
    <CollectionType>EIT</CollectionType>
  </Transponder>
  <Transponder>
    <CarrierFrequency>11583000</CarrierFrequency>
    <Polarisation>LinearV</Polarisation>
    <SymbolRate>3124</SymbolRate>
    <Modulation>ModNotSet</Modulation>
    <InnerFecRate>Rate3_4</InnerFecRate>
    <CollectionType>EIT</CollectionType>
  </Transponder>
  <Transponder>
    <CarrierFrequency>11598000</CarrierFrequency>
    <Polarisation>LinearV</Polarisation>
    <SymbolRate>3124</SymbolRate>
    <Modulation>ModNotSet</Modulation>
    <InnerFecRate>Rate3_4</InnerFecRate>
    <CollectionType>EIT</CollectionType>
  </Transponder>
  <Transponder>
    <CarrierFrequency>11603000</CarrierFrequency>
    <Polarisation>LinearV</Polarisation>
    <SymbolRate>3124</SymbolRate>
    <Modulation>ModNotSet</Modulation>
    <InnerFecRate>Rate3_4</InnerFecRate>
    <CollectionType>EIT</CollectionType>
  </Transponder>
  <Transponder>
    <CarrierFrequency>11640000</CarrierFrequency>
    <Polarisation>LinearV</Polarisation>
    <SymbolRate>18100</SymbolRate>
    <Modulation>ModNotSet</Modulation>
    <InnerFecRate>Rate7_8</InnerFecRate>
    <CollectionType>EIT</CollectionType>
  </Transponder>
  <Transponder>
    <CarrierFrequency>11720000</CarrierFrequency>
    <Polarisation>LinearV</Polarisation>
    <SymbolRate>31300</SymbolRate>
    <Modulation>ModNotSet</Modulation>
    <InnerFecRate>Rate3_4</InnerFecRate>
    <CollectionType>EIT</CollectionType>
  </Transponder>
  <Transponder>
    <CarrierFrequency>11795000</CarrierFrequency>
    <Polarisation>LinearV</Polarisation>
    <SymbolRate>4444</SymbolRate>
    <Modulation>ModNotSet</Modulation>
    <InnerFecRate>RateNotSet</InnerFecRate>
    <CollectionType>EIT</CollectionType>
  </Transponder>
  <Transponder>
    <CarrierFrequency>11805000</CarrierFrequency>
    <Polarisation>LinearV</Polarisation>
    <SymbolRate>6666</SymbolRate>
    <Modulation>ModNotSet</Modulation>
    <InnerFecRate>RateNotSet</InnerFecRate>
    <CollectionType>EIT</CollectionType>
  </Transponder>
  <Transponder>
    <CarrierFrequency>11827000</CarrierFrequency>
    <Polarisation>LinearV</Polarisation>
    <SymbolRate>3200</SymbolRate>
    <Modulation>ModNotSet</Modulation>
    <InnerFecRate>RateNotSet</InnerFecRate>
    <CollectionType>EIT</CollectionType>
  </Transponder>
  <Transponder>
    <CarrierFrequency>11844000</CarrierFrequency>
    <Polarisation>LinearV</Polarisation>
    <SymbolRate>5348</SymbolRate>
    <Modulation>ModNotSet</Modulation>
    <InnerFecRate>RateNotSet</InnerFecRate>
    <CollectionType>EIT</CollectionType>
  </Transponder>
  <Transponder>
    <CarrierFrequency>11850000</CarrierFrequency>
    <Polarisation>LinearV</Polarisation>
    <SymbolRate>2222</SymbolRate>
    <Modulation>ModNotSet</Modulation>
    <InnerFecRate>RateNotSet</InnerFecRate>
    <CollectionType>EIT</CollectionType>
  </Transponder>
  <Transponder>
    <CarrierFrequency>11859000</CarrierFrequency>
    <Polarisation>LinearV</Polarisation>
    <SymbolRate>2963</SymbolRate>
    <Modulation>ModNotSet</Modulation>
    <InnerFecRate>RateNotSet</InnerFecRate>
    <CollectionType>EIT</CollectionType>
  </Transponder>
  <Transponder>
    <CarrierFrequency>11871000</CarrierFrequency>
    <Polarisation>LinearV</Polarisation>
    <SymbolRate>2000</SymbolRate>
    <Modulation>ModNotSet</Modulation>
    <InnerFecRate>Rate3_4</InnerFecRate>
    <CollectionType>EIT</CollectionType>
  </Transponder>
  <Transponder>
    <CarrierFrequency>11875000</CarrierFrequency>
    <Polarisation>LinearV</Polarisation>
    <SymbolRate>3333</SymbolRate>
    <Modulation>ModNotSet</Modulation>
    <InnerFecRate>Rate3_4</InnerFecRate>
    <CollectionType>EIT</CollectionType>
  </Transponder>
  <Transponder>
    <CarrierFrequency>11878000</CarrierFrequency>
    <Polarisation>LinearV</Polarisation>
    <SymbolRate>2963</SymbolRate>
    <Modulation>ModNotSet</Modulation>
    <InnerFecRate>RateNotSet</InnerFecRate>
    <CollectionType>EIT</CollectionType>
  </Transponder>
  <Transponder>
    <CarrierFrequency>11889000</CarrierFrequency>
    <Polarisation>LinearV</Polarisation>
    <SymbolRate>3252</SymbolRate>
    <Modulation>ModNotSet</Modulation>
    <InnerFecRate>RateNotSet</InnerFecRate>
    <CollectionType>EIT</CollectionType>
  </Transponder>
  <Transponder>
    <CarrierFrequency>11894000</CarrierFrequency>
    <Polarisation>LinearV</Polarisation>
    <SymbolRate>2391</SymbolRate>
    <Modulation>ModNotSet</Modulation>
    <InnerFecRate>RateNotSet</InnerFecRate>
    <CollectionType>EIT</CollectionType>
  </Transponder>
  <Transponder>
    <CarrierFrequency>11905000</CarrierFrequency>
    <Polarisation>LinearV</Polarisation>
    <SymbolRate>2362</SymbolRate>
    <Modulation>ModNotSet</Modulation>
    <InnerFecRate>Rate3_4</InnerFecRate>
    <CollectionType>EIT</CollectionType>
  </Transponder>
  <Transponder>
    <CarrierFrequency>11958000</CarrierFrequency>
    <Polarisation>LinearH</Polarisation>
    <SymbolRate>3255</SymbolRate>
    <Modulation>ModNotSet</Modulation>
    <InnerFecRate>RateNotSet</InnerFecRate>
    <CollectionType>EIT</CollectionType>
  </Transponder>
  <Transponder>
    <CarrierFrequency>11959000</CarrierFrequency>
    <Polarisation>LinearV</Polarisation>
    <SymbolRate>4340</SymbolRate>
    <Modulation>ModNotSet</Modulation>
    <InnerFecRate>Rate3_4</InnerFecRate>
    <CollectionType>EIT</CollectionType>
  </Transponder>
  <Transponder>
    <CarrierFrequency>11979000</CarrierFrequency>
    <Polarisation>LinearH</Polarisation>
    <SymbolRate>13021</SymbolRate>
    <Modulation>ModNotSet</Modulation>
    <InnerFecRate>Rate3_4</InnerFecRate>
    <CollectionType>EIT</CollectionType>
  </Transponder>
  <Transponder>
    <CarrierFrequency>11986000</CarrierFrequency>
    <Polarisation>LinearH</Polarisation>
    <SymbolRate>3327</SymbolRate>
    <Modulation>ModNotSet</Modulation>
    <InnerFecRate>Rate3_4</InnerFecRate>
    <CollectionType>EIT</CollectionType>
  </Transponder>
  <Transponder>
    <CarrierFrequency>12055000</CarrierFrequency>
    <Polarisation>LinearH</Polarisation>
    <SymbolRate>26666</SymbolRate>
    <Modulation>ModNotSet</Modulation>
    <InnerFecRate>Rate5_6</InnerFecRate>
    <CollectionType>EIT</CollectionType>
  </Transponder>
</ArrayOfTransponder>