<?xml version="1.0" encoding="utf-8"?>
<ArrayOfTransponder xmlns:xsi="http://www.w3.org/2001/XMLSchema-instance" xmlns:xsd="http://www.w3.org/2001/XMLSchema">
  <Transponder>
    <CarrierFrequency>3646000</CarrierFrequency>
    <Polarisation>LinearV</Polarisation>
    <SymbolRate>5064</SymbolRate>
    <Modulation>ModNotSet</Modulation>
    <InnerFecRate>Rate3_4</InnerFecRate>
    <CollectionType>EIT</CollectionType>
  </Transponder>
  <Transponder>
    <CarrierFrequency>3655000</CarrierFrequency>
    <Polarisation>LinearH</Polarisation>
    <SymbolRate>3214</SymbolRate>
    <Modulation>ModNotSet</Modulation>
    <InnerFecRate>Rate2_3</InnerFecRate>
    <CollectionType>EIT</CollectionType>
  </Transponder>
  <Transponder>
    <CarrierFrequency>3680000</CarrierFrequency>
    <Polarisation>LinearH</Polarisation>
    <SymbolRate>27500</SymbolRate>
    <Modulation>ModNotSet</Modulation>
    <InnerFecRate>Rate3_4</InnerFecRate>
    <CollectionType>EIT</CollectionType>
  </Transponder>
  <Transponder>
    <CarrierFrequency>3704000</CarrierFrequency>
    <Polarisation>LinearV</Polarisation>
    <SymbolRate>6716</SymbolRate>
    <Modulation>ModNotSet</Modulation>
    <InnerFecRate>Rate3_4</InnerFecRate>
    <CollectionType>EIT</CollectionType>
  </Transponder>
  <Transponder>
    <CarrierFrequency>3714000</CarrierFrequency>
    <Polarisation>LinearV</Polarisation>
    <SymbolRate>4800</SymbolRate>
    <Modulation>ModNotSet</Modulation>
    <InnerFecRate>Rate3_4</InnerFecRate>
    <CollectionType>EIT</CollectionType>
  </Transponder>
  <Transponder>
    <CarrierFrequency>3720000</CarrierFrequency>
    <Polarisation>LinearH</Polarisation>
    <SymbolRate>29268</SymbolRate>
    <Modulation>ModNotSet</Modulation>
    <InnerFecRate>Rate5_6</InnerFecRate>
    <CollectionType>EIT</CollectionType>
  </Transponder>
  <Transponder>
    <CarrierFrequency>3760000</CarrierFrequency>
    <Polarisation>LinearH</Polarisation>
    <SymbolRate>28066</SymbolRate>
    <Modulation>ModNotSet</Modulation>
    <InnerFecRate>Rate2_3</InnerFecRate>
    <CollectionType>EIT</CollectionType>
  </Transponder>
  <Transponder>
    <CarrierFrequency>3780000</CarrierFrequency>
    <Polarisation>LinearV</Polarisation>
    <SymbolRate>28066</SymbolRate>
    <Modulation>ModNotSet</Modulation>
    <InnerFecRate>Rate2_3</InnerFecRate>
    <CollectionType>EIT</CollectionType>
  </Transponder>
  <Transponder>
    <CarrierFrequency>3787000</CarrierFrequency>
    <Polarisation>LinearH</Polarisation>
    <SymbolRate>4600</SymbolRate>
    <Modulation>ModNotSet</Modulation>
    <InnerFecRate>Rate2_3</InnerFecRate>
    <CollectionType>EIT</CollectionType>
  </Transponder>
  <Transponder>
    <CarrierFrequency>3793000</CarrierFrequency>
    <Polarisation>LinearH</Polarisation>
    <SymbolRate>4340</SymbolRate>
    <Modulation>ModNotSet</Modulation>
    <InnerFecRate>Rate3_4</InnerFecRate>
    <CollectionType>EIT</CollectionType>
  </Transponder>
  <Transponder>
    <CarrierFrequency>3798000</CarrierFrequency>
    <Polarisation>LinearH</Polarisation>
    <SymbolRate>2966</SymbolRate>
    <Modulation>ModNotSet</Modulation>
    <InnerFecRate>Rate3_4</InnerFecRate>
    <CollectionType>EIT</CollectionType>
  </Transponder>
  <Transponder>
    <CarrierFrequency>3832000</CarrierFrequency>
    <Polarisation>LinearV</Polarisation>
    <SymbolRate>6111</SymbolRate>
    <Modulation>ModNotSet</Modulation>
    <InnerFecRate>Rate3_4</InnerFecRate>
    <CollectionType>EIT</CollectionType>
  </Transponder>
  <Transponder>
    <CarrierFrequency>3840000</CarrierFrequency>
    <Polarisation>LinearH</Polarisation>
    <SymbolRate>27500</SymbolRate>
    <Modulation>ModNotSet</Modulation>
    <InnerFecRate>Rate3_4</InnerFecRate>
    <CollectionType>EIT</CollectionType>
  </Transponder>
  <Transponder>
    <CarrierFrequency>3880000</CarrierFrequency>
    <Polarisation>LinearH</Polarisation>
    <SymbolRate>28125</SymbolRate>
    <Modulation>ModNotSet</Modulation>
    <InnerFecRate>Rate5_6</InnerFecRate>
    <CollectionType>EIT</CollectionType>
  </Transponder>
  <Transponder>
    <CarrierFrequency>3914000</CarrierFrequency>
    <Polarisation>LinearV</Polarisation>
    <SymbolRate>3255</SymbolRate>
    <Modulation>ModNotSet</Modulation>
    <InnerFecRate>Rate3_4</InnerFecRate>
    <CollectionType>EIT</CollectionType>
  </Transponder>
  <Transponder>
    <CarrierFrequency>3920000</CarrierFrequency>
    <Polarisation>LinearH</Polarisation>
    <SymbolRate>28340</SymbolRate>
    <Modulation>ModNotSet</Modulation>
    <InnerFecRate>Rate5_6</InnerFecRate>
    <CollectionType>EIT</CollectionType>
  </Transponder>
  <Transponder>
    <CarrierFrequency>3960000</CarrierFrequency>
    <Polarisation>LinearH</Polarisation>
    <SymbolRate>29300</SymbolRate>
    <Modulation>ModNotSet</Modulation>
    <InnerFecRate>Rate3_4</InnerFecRate>
    <CollectionType>EIT</CollectionType>
  </Transponder>
  <Transponder>
    <CarrierFrequency>4003000</CarrierFrequency>
    <Polarisation>LinearH</Polarisation>
    <SymbolRate>4080</SymbolRate>
    <Modulation>ModNotSet</Modulation>
    <InnerFecRate>Rate3_4</InnerFecRate>
    <CollectionType>EIT</CollectionType>
  </Transponder>
  <Transponder>
    <CarrierFrequency>4009000</CarrierFrequency>
    <Polarisation>LinearH</Polarisation>
    <SymbolRate>4300</SymbolRate>
    <Modulation>ModNotSet</Modulation>
    <InnerFecRate>Rate3_4</InnerFecRate>
    <CollectionType>EIT</CollectionType>
  </Transponder>
  <Transponder>
    <CarrierFrequency>4016000</CarrierFrequency>
    <Polarisation>LinearH</Polarisation>
    <SymbolRate>4340</SymbolRate>
    <Modulation>ModNotSet</Modulation>
    <InnerFecRate>Rate3_4</InnerFecRate>
    <CollectionType>EIT</CollectionType>
  </Transponder>
  <Transponder>
    <CarrierFrequency>4030000</CarrierFrequency>
    <Polarisation>LinearV</Polarisation>
    <SymbolRate>6312</SymbolRate>
    <Modulation>ModNotSet</Modulation>
    <InnerFecRate>Rate1_2</InnerFecRate>
    <CollectionType>EIT</CollectionType>
  </Transponder>
  <Transponder>
    <CarrierFrequency>4034000</CarrierFrequency>
    <Polarisation>LinearH</Polarisation>
    <SymbolRate>4300</SymbolRate>
    <Modulation>ModNotSet</Modulation>
    <InnerFecRate>Rate3_4</InnerFecRate>
    <CollectionType>EIT</CollectionType>
  </Transponder>
  <Transponder>
    <CarrierFrequency>4045000</CarrierFrequency>
    <Polarisation>LinearH</Polarisation>
    <SymbolRate>3333</SymbolRate>
    <Modulation>ModNotSet</Modulation>
    <InnerFecRate>Rate3_4</InnerFecRate>
    <CollectionType>EIT</CollectionType>
  </Transponder>
  <Transponder>
    <CarrierFrequency>4049000</CarrierFrequency>
    <Polarisation>LinearH</Polarisation>
    <SymbolRate>3600</SymbolRate>
    <Modulation>ModNotSet</Modulation>
    <InnerFecRate>Rate3_4</InnerFecRate>
    <CollectionType>EIT</CollectionType>
  </Transponder>
  <Transponder>
    <CarrierFrequency>4056000</CarrierFrequency>
    <Polarisation>LinearH</Polarisation>
    <SymbolRate>3214</SymbolRate>
    <Modulation>ModNotSet</Modulation>
    <InnerFecRate>Rate3_4</InnerFecRate>
    <CollectionType>EIT</CollectionType>
  </Transponder>
  <Transponder>
    <CarrierFrequency>4073000</CarrierFrequency>
    <Polarisation>LinearH</Polarisation>
    <SymbolRate>13020</SymbolRate>
    <Modulation>ModNotSet</Modulation>
    <InnerFecRate>Rate1_2</InnerFecRate>
    <CollectionType>EIT</CollectionType>
  </Transponder>
  <Transponder>
    <CarrierFrequency>4085000</CarrierFrequency>
    <Polarisation>LinearH</Polarisation>
    <SymbolRate>2530</SymbolRate>
    <Modulation>ModNotSet</Modulation>
    <InnerFecRate>Rate3_4</InnerFecRate>
    <CollectionType>EIT</CollectionType>
  </Transponder>
  <Transponder>
    <CarrierFrequency>4105000</CarrierFrequency>
    <Polarisation>LinearH</Polarisation>
    <SymbolRate>3125</SymbolRate>
    <Modulation>ModNotSet</Modulation>
    <InnerFecRate>Rate3_4</InnerFecRate>
    <CollectionType>EIT</CollectionType>
  </Transponder>
  <Transponder>
    <CarrierFrequency>4137000</CarrierFrequency>
    <Polarisation>LinearH</Polarisation>
    <SymbolRate>2892</SymbolRate>
    <Modulation>ModNotSet</Modulation>
    <InnerFecRate>Rate3_4</InnerFecRate>
    <CollectionType>EIT</CollectionType>
  </Transponder>
  <Transponder>
    <CarrierFrequency>4146000</CarrierFrequency>
    <Polarisation>LinearH</Polarisation>
    <SymbolRate>3600</SymbolRate>
    <Modulation>ModNotSet</Modulation>
    <InnerFecRate>Rate3_4</InnerFecRate>
    <CollectionType>EIT</CollectionType>
  </Transponder>
  <Transponder>
    <CarrierFrequency>4173000</CarrierFrequency>
    <Polarisation>LinearH</Polarisation>
    <SymbolRate>7400</SymbolRate>
    <Modulation>ModNotSet</Modulation>
    <InnerFecRate>Rate3_4</InnerFecRate>
    <CollectionType>EIT</CollectionType>
  </Transponder>
  <Transponder>
    <CarrierFrequency>12278000</CarrierFrequency>
    <Polarisation>LinearV</Polarisation>
    <SymbolRate>22425</SymbolRate>
    <Modulation>ModNotSet</Modulation>
    <InnerFecRate>Rate3_4</InnerFecRate>
    <CollectionType>EIT</CollectionType>
  </Transponder>
  <Transponder>
    <CarrierFrequency>12308000</CarrierFrequency>
    <Polarisation>LinearV</Polarisation>
    <SymbolRate>22425</SymbolRate>
    <Modulation>ModNotSet</Modulation>
    <InnerFecRate>Rate3_4</InnerFecRate>
    <CollectionType>EIT</CollectionType>
  </Transponder>
  <Transponder>
    <CarrierFrequency>12339000</CarrierFrequency>
    <Polarisation>LinearV</Polarisation>
    <SymbolRate>3300</SymbolRate>
    <Modulation>ModNotSet</Modulation>
    <InnerFecRate>Rate3_4</InnerFecRate>
    <CollectionType>EIT</CollectionType>
  </Transponder>
  <Transponder>
    <CarrierFrequency>12405000</CarrierFrequency>
    <Polarisation>LinearV</Polarisation>
    <SymbolRate>30000</SymbolRate>
    <Modulation>ModNotSet</Modulation>
    <InnerFecRate>Rate3_4</InnerFecRate>
    <CollectionType>EIT</CollectionType>
  </Transponder>
  <Transponder>
    <CarrierFrequency>12430000</CarrierFrequency>
    <Polarisation>LinearH</Polarisation>
    <SymbolRate>10000</SymbolRate>
    <Modulation>ModNotSet</Modulation>
    <InnerFecRate>Rate3_4</InnerFecRate>
    <CollectionType>EIT</CollectionType>
  </Transponder>
  <Transponder>
    <CarrierFrequency>12435000</CarrierFrequency>
    <Polarisation>LinearV</Polarisation>
    <SymbolRate>15000</SymbolRate>
    <Modulation>ModNotSet</Modulation>
    <InnerFecRate>Rate3_4</InnerFecRate>
    <CollectionType>EIT</CollectionType>
  </Transponder>
  <Transponder>
    <CarrierFrequency>12462000</CarrierFrequency>
    <Polarisation>LinearV</Polarisation>
    <SymbolRate>22425</SymbolRate>
    <Modulation>ModNotSet</Modulation>
    <InnerFecRate>Rate3_4</InnerFecRate>
    <CollectionType>EIT</CollectionType>
  </Transponder>
  <Transponder>
    <CarrierFrequency>12491000</CarrierFrequency>
    <Polarisation>LinearV</Polarisation>
    <SymbolRate>22425</SymbolRate>
    <Modulation>ModNotSet</Modulation>
    <InnerFecRate>Rate3_4</InnerFecRate>
    <CollectionType>EIT</CollectionType>
  </Transponder>
  <Transponder>
    <CarrierFrequency>12528000</CarrierFrequency>
    <Polarisation>LinearV</Polarisation>
    <SymbolRate>30000</SymbolRate>
    <Modulation>ModNotSet</Modulation>
    <InnerFecRate>Rate3_4</InnerFecRate>
    <CollectionType>EIT</CollectionType>
  </Transponder>
  <Transponder>
    <CarrierFrequency>12551000</CarrierFrequency>
    <Polarisation>LinearV</Polarisation>
    <SymbolRate>4195</SymbolRate>
    <Modulation>ModNotSet</Modulation>
    <InnerFecRate>Rate3_4</InnerFecRate>
    <CollectionType>EIT</CollectionType>
  </Transponder>
  <Transponder>
    <CarrierFrequency>12557000</CarrierFrequency>
    <Polarisation>LinearV</Polarisation>
    <SymbolRate>4195</SymbolRate>
    <Modulation>ModNotSet</Modulation>
    <InnerFecRate>Rate3_4</InnerFecRate>
    <CollectionType>EIT</CollectionType>
  </Transponder>
  <Transponder>
    <CarrierFrequency>12563000</CarrierFrequency>
    <Polarisation>LinearV</Polarisation>
    <SymbolRate>4195</SymbolRate>
    <Modulation>ModNotSet</Modulation>
    <InnerFecRate>Rate3_4</InnerFecRate>
    <CollectionType>EIT</CollectionType>
  </Transponder>
</ArrayOfTransponder>